created,rank,company,region,source_url,expansion_signal,iis_service_angle,fit_posture,next_action,status
2026-06-05,1,"OpenTable","Toronto, Canada","https://www.connectcre.ca/stories/open-table-leases-24-k-sf-premium-office-space-in-downtown-toronto/","Signed a multi-year lease for about 24,000 sq ft of premium downtown Toronto office space in June 2026.","Move-in IT support, M365 readiness, meeting-room/AV coordination, support overflow, vendor coordination.","Partner/direct watch","Build no-send office move-in support note after identifying local operations/IT contact.",watch_no_send
2026-06-05,2,"KLA Tech Canada / KLA Laboratories","Mississauga, Canada","https://www.tmcnet.com/usubmit/-kla-laboratories-inc-announces-launch-kla-tech-canada-/2026/05/28/10390779.htm","Opened first international office near Toronto in Mississauga in May 2026.","New-office IT setup support, AV/wireless coordination, local vendor support, M365/admin overflow.","Partner/direct watch","Research Canadian office contact and service overlap; avoid competing with their core integration services.",watch_no_send
2026-06-05,3,"BuildOps","Toronto, Canada","https://www.bignewsnetwork.com/news/279061032/buildops-opens-dedicated-canadian-headquarters-in-downtown-toronto-doubles-down-on-north-of-the-border-engineering-talent","Opened dedicated Canadian headquarters at 210 King Street East in May 2026.","New office onboarding, M365/Google support, endpoint setup, IT ops documentation, support overflow.","Watch/partner","Prepare no-send note around local expansion support and employee onboarding.",watch_no_send
2026-06-05,4,"Solink","Toronto, Canada","https://www.newswire.ca/news-releases/solink-r-strengthens-ai-leadership-with-toronto-office-opening-854193615.html","Opened new Toronto office in March 2026 to support AI-driven video intelligence growth.","Toronto office support, IT documentation, local vendor coordination, AI readiness partnership angle.","Watch/partner","Research operations/contact path and partner posture.",watch_no_send
2026-06-05,5,"Legora","Toronto, Canada","https://legaltech.ca/2026/04/15/legora-opens-toronto-office-after-walter-deal/","Opened first Canadian office in Toronto as part of North American expansion.","Legal-tech partner angle, local office setup, M365/document workflow advisory for legal clients.","Partner watch","Build no-send partner note; avoid pitching basic IT if they have internal tech depth.",watch_no_send
2026-06-05,6,"Zip","Toronto, Canada","https://www.businesswire.com/news/home/20251125219369/en/Zip-Accelerates-Canadian-Expansion-with-New-Toronto-Office-Plans-to-Nearly-Triple-Local-Workforce","Opened expanded Toronto HQ at 123 Front Street and planned to nearly triple local workforce by early 2026.","Onboarding/offboarding workflow, local support overflow, office-growth IT coordination.","Watch/partner","Research Canadian operations contact; likely mature internal IT, so partner/overflow angle only.",watch_no_send
2026-06-05,7,"PMG","Toronto, Canada","https://finance.yahoo.com/news/pmg-expands-global-footprint-offices-170000765.html","Opened new Toronto office as part of global expansion in 2026.","Office onboarding support, M365/AI workflow readiness, local endpoint/support overflow.","Watch","Prepare no-send partner/support angle after identifying local office team.",watch_no_send
2026-06-05,8,"Yondr Group","Toronto, Canada","https://www.yondrgroup.com/newsroom/press-release/yondr-group-powers-up-27mw-toronto-data-center/","Energized 27MW Toronto data center in April 2026, formal entrance into Canada.","Partner-only: local admin support, documentation, vendor coordination; not data-center prime work.","Partner only","Do not pursue as prime; monitor for subcontract/admin/support needs.",watch_partner_only
2026-06-05,9,"Cato Networks","London, UK","https://www.itpro.com/business/business-strategy/cato-networks-opens-new-london-hub-in-regional-r-and-d-drive","Opened first dedicated London R&D hub focused on AI, security innovation, and SMB growth in June 2026.","UK partner watch; SMB AI/security adoption signal; possible partner ecosystem angle.","Watch/partner","Add to UK partner watchlist; no direct pitch unless local partner path is clear.",watch_partner_only
2026-06-05,10,"Currys","London, UK","https://www.currysplc.com/news-media/press-releases/2026/currys-nearly-triples-hq-footprint-at-wework-s-flagship-10-york-road/","Nearly tripled HQ footprint at WeWork 10 York Road in 2026.","Large internal IT likely; use as market signal for hybrid-office support, not direct SMB target.","Market signal","Use as proof that hybrid offices still need IT/AV/workflow support.",watch_only
2026-06-05,11,"Luma AI","London, UK","https://www.businesswire.com/news/home/20251202442680/en/Luma-AI-Opens-for-International-Business-With-Former-WPP-Executive-Jason-Day-Leading-New-London-Office","Opened first international office in London and planned 200 London jobs in 2026.","AI market/partner signal; not direct IIS support prospect unless partner route emerges.","Market/partner watch","Track as AI expansion proof for UK market.",watch_only
2026-06-05,12,"Adastra","Dubai, UAE","https://adastracorp.com/spotlight/adastra-opens-office-in-dubai/","Opened Dubai office in February 2026 for AI, data governance, analytics, and business consulting across the Middle East.","Partner-only: AI/M365 delivery ally or subcontract ecosystem, not direct client target.","Partner watch","Add to UAE partner list; no outreach without Ahmad approval.",watch_partner_only
2026-06-05,13,"Positron AI","Dubai, UAE","https://www.mediaoffice.ae/en/news/2026/jun/01-06/positron-ai-establishes-first-presence-outside-the","Established first presence outside the US in DIFC in June 2026.","AI infrastructure market signal; partner-only and likely too large for direct IIS service.","Market/partner watch","Monitor UAE AI ecosystem and partner routes.",watch_partner_only
2026-06-05,14,"OneMetric","Dubai, UAE","https://technologymagazine.com/globenewswire/3296177","Opened Dubai Digital Park office in May 2026 for HubSpot and AI-led GTM transformation.","CRM/MCP/HubSpot partner signal; potential collaboration around AI/M365 ops and proposal automation.","Partner watch","Add to approved-partner research list; no outreach without Ahmad.",watch_partner_only
2026-06-05,15,"Zensar Technologies","Qatar","https://scanx.trade/stock-market-news/companies/zensar-technologies-board-approves-setting-up-new-entity-in-qatar/36696517","Board approved setting up a new entity/branch in Qatar in April 2026.","Qatar market signal; possible subcontract/partner ecosystem, not direct IIS client.","Market/partner watch","Monitor Qatar expansion ecosystem; avoid direct bid without local partner.",watch_partner_only
