created,rank,status,opportunity,region,source_url,fit_reason,known_gate,next_action,revenue_posture
2026-06-05,1,ready_for_portal_docs,"Invest Nova Scotia Standing Offer","Canada - Nova Scotia","https://investnovascotia.ca/invest-nova-scotia-standing-offer","Continuous professional/consulting services onboarding fits AI readiness, M365, SharePoint, ITSM, workflow automation, reporting, training, and project support.","Need Euna/Bonfire account access, category selection, and legal/insurance declaration review.","Login to Euna/Bonfire, download package, select only true-fit categories, run final gate before submission.","Roster / recurring consulting; medium-to-high lifetime value if qualified."
2026-06-05,2,ready_for_portal_docs,"Destination BC Data Analytics RFQ254DBC01","Canada - British Columbia","https://www.destinationbc.ca/work-with-us/contractor-supplier/","Current Destination BC RFQ aligns with analytics, reporting, dashboards, AI-assisted insights, data governance, and stakeholder documentation.","Need BC Bid package and mandatory criteria review.","Login to BC Bid, download RFQ, check references and scoring criteria.","Roster / project-call opportunity; medium value with good margin."
2026-06-05,3,ready_for_portal_docs,"Destination BC Management of Digital Strategy and IT Projects RFQ24DBC04","Canada - British Columbia","https://www.destinationbc.ca/work-with-us/contractor-supplier/","Strong match for IT project management, M365/SharePoint, workflow documentation, AI readiness, training, and vendor coordination.","Need BC Bid package and reference/experience gate review.","Login to BC Bid, download RFQ, build named-advisor response around Ahmad's true experience.","Roster / advisory-call opportunity; medium-to-high value over term."
2026-06-05,4,pending_official_docs,"TIC TEC MUL RFQ 2025 42R IT Advisory Services","Canada - British Columbia","https://www.merx.com/public/supplier/solicitations/notice/443257908088/abstract","IT advisory, SharePoint integration, EDRMS, and workflow support align with Ahmad's M365/ITSM/documentation background.","Need MERX documents, legal terms, insurance, and references verified.","Login to MERX, download full forms, run hard-blocker gate.","If/as/when advisory; potentially high margin if qualified."
2026-06-05,5,pending_official_docs,"SaskBuilds RFSQ_0586-1 Information Management Technology Consulting Services","Canada - Saskatchewan","https://sasktenders.ca/content/public/print.aspx?competitionId=75ed0837-1245-4774-bf3b-025f69be4130","Information management technology consulting fits data, reporting, process, IT advisory, and AI/M365 support.","Need SaskTenders package, public-sector references check, and vendor profile review.","Login to SaskTenders, download package, confirm if individual experience is enough.","Source list / consulting bench; potentially high value over time."
2026-06-05,6,watch_only,"UK below-threshold M365 / IT support advisory","United Kingdom","https://www.contractsfinder.service.gov.uk/Search","Market has recurring council, charity, and education IT support needs.","Many live-looking results are closed, awarded, UK-supplier-only, or onsite-heavy.","Monitor only until a remote-friendly, no-local-proof opportunity appears or UK partner is named.","Future partner/subcontract channel."
2026-06-05,7,partner_only,"US SAM.gov IT support / AI helpdesk opportunities","United States","https://sam.gov/content/opportunities","Large IT support/helpdesk market can align if IIS has SAM/UEI and compliance posture.","Set-asides, US registration, federal past performance, and compliance may block prime bids.","Use as partner/subcontract intelligence unless registration and eligibility are confirmed.","High value, but only through partner path right now."
2026-06-05,8,watch_partner_only,"Dubai/UAE AI and M365 support market","UAE / Dubai","https://esupply.dubai.gov.ae/","Strong AI and digital government market; possible future partner/channel opportunity.","Local supplier registration and regional delivery expectations likely required.","Monitor portals and build partner list before bidding.","High upside with local partner."
2026-06-05,9,watch_partner_only,"Qatar public-sector IT/AI opportunities","Qatar","https://monaqasat.mof.gov.qa/","Strategic AI/M365 market worth watching.","Search found tender fees, bonds, engineering/construction scope, or local barriers.","Do not bid directly unless a no-fee/no-bond IT advisory opportunity appears.","High upside with local partner."
