created,rank,prospect,region,source_url,segment,public_signal,proposed_iis_offer,confidence,next_action,status
2026-06-05,1,"WD Numeric Corporate Services","Toronto, Canada","https://wdnumeric.com/","Accounting/bookkeeping","Public site describes outsourced bookkeeping, accounting, finance operations, and small-to-mid-market clients.","M365 + AI Readiness Assessment; workflow automation for finance operations; Fractional IT Director lite",High,"Prepare no-send personalized outreach draft; verify decision maker before contact.",no_send
2026-06-05,2,"Tangs Accounting Services","Toronto, Canada","https://tangsaccounting.com/","Accounting/bookkeeping","Public site positions bookkeeping and payroll services for small businesses in Toronto.","M365 + AI Readiness Assessment; AI Service Desk Starter for client/admin FAQs",High,"Prepare no-send outreach around client intake, secure document workflow, and Microsoft 365 cleanup.",no_send
2026-06-05,3,"CB Bookkeeping Services","Toronto/GTA, Canada","https://cbbookkeepingsolutions.ca/","Accounting/bookkeeping","Public site says it helps Toronto small businesses and provides bookkeeping services.","M365 + AI Readiness Assessment; Website Rescue + Care Plan; automation sprint",High,"Prepare no-send outreach around secure file exchange and repeated client questions.",no_send
2026-06-05,4,"Minthorn & Associates","Toronto, Canada","https://www.tminthorn.com/","Accounting/bookkeeping","Public site describes small-business accounting, bookkeeping, payroll, and tax services.","M365 + AI Readiness Assessment; workflow documentation; AI admin assistant starter",High,"Prepare no-send outreach around workflow cleanup before busy season.",no_send
2026-06-05,5,"Oracle Legal Services","Toronto/GTA, Canada","https://www.oraclelegalservices.ca/","Legal/paralegal","Public site describes paralegal services across Small Claims Court, employment, immigration, landlord/tenant, and more.","M365 + AI Readiness Assessment; document workflow cleanup; AI Service Desk Starter for intake FAQs",Medium,"Prepare no-send outreach around secure document intake and client communications.",no_send
2026-06-05,6,"Picov & Kleinberg Law","Toronto/GTA, Canada","https://www.picovkleinberg.com/","Legal","Public site describes real estate, business, wills/estates, corporate law, and long-running local practice.","M365 + AI Readiness Assessment; Fractional IT Director; SharePoint/document workflow review",Medium,"Prepare no-send outreach around secure legal document workflows and Microsoft 365 readiness.",no_send
2026-06-05,7,"We Care Legal Services","Toronto/GTA and Barrie, Canada","https://wecarelegal.ca/en/","Legal/paralegal","Public site describes paralegal, notary, tenant, traffic, and small-claims services.","Website Rescue + Care Plan; M365 + AI Readiness Assessment; client intake automation",Medium,"Prepare no-send outreach around intake/contact flow and repeat client questions.",no_send
2026-06-05,8,"HTW Law","Toronto/GTA, Canada","https://www.htwlaw.ca/contactus","Legal/employment","Public contact page provides email-only contact and employment-law content.","M365 + AI Readiness Assessment; document workflow and secure client intake review",Medium,"Prepare no-send outreach around email-only intake, document routing, and AI readiness.",no_send
2026-06-05,9,"AEGIS Law","Toronto/GTA, Canada","https://aegislaws.com/","Legal","Public site describes bilingual legal services across GTA/Canada with business and individual services.","M365 + AI Readiness Assessment; AI client FAQ/intake; workflow automation",Medium,"Prepare no-send outreach around bilingual support intake and knowledge-base workflow.",no_send
2026-06-05,10,"Brunga Law","Toronto/GTA, Canada","https://brungalaw.com/","Legal","Public site describes real estate, corporate/business, wills/estates, and immigration services.","M365 + AI Readiness Assessment; SharePoint/document workflow cleanup",Medium,"Prepare no-send outreach around secure files, client communications, and workflow readiness.",no_send
2026-06-05,11,"Law365","Ontario/GTA, Canada","https://www.law365.ca/","Legal","Public site positions an everyday law firm and uses website contact flow.","AI Service Desk Starter for client FAQs; M365 readiness; Website Rescue + Care Plan",Medium,"Prepare no-send outreach around client intake and support automation.",no_send
2026-06-05,12,"RT Legal","Toronto/Mississauga/Vaughan, Canada","https://www.rtlegal.ca/","Legal","Public site describes criminal defense, small claims, notary, and contact services.","M365 + AI Readiness Assessment; secure document workflow; AI intake FAQ starter",Medium,"Prepare no-send outreach around client intake and document controls.",no_send
2026-06-05,13,"Global Health Physiotherapy Clinic","Toronto, Canada","https://www.globalhealthcare.ca/contact","Healthcare/clinic","Public contact page lists physiotherapy clinic and contact path.","AI Service Desk Starter for appointment/support FAQs; M365 readiness; Website Rescue + Care Plan",Medium,"Prepare no-send outreach around appointment inquiry workflow and staff support.",no_send
2026-06-05,14,"Achieva Health Physiotherapy Clinic","Toronto, Canada","https://achievahealthphysiotherapy.ca/","Healthcare/clinic","Public site describes community-focused physiotherapy services.","AI Service Desk Starter; M365 + AI Readiness; clinic intake workflow automation",Medium,"Prepare no-send outreach around patient intake and staff knowledge base.",no_send
2026-06-05,15,"MVPR Therapy","North York/Toronto/Markham/Scarborough/Richmond Hill, Canada","https://www.mvpr.co/","Healthcare/clinic","Public site describes physiotherapy, chiropractic, stretch therapy, and multi-location service area.","AI Service Desk Starter; M365 readiness; multi-location support workflow",Medium,"Prepare no-send outreach around multi-location support and intake documentation.",no_send
2026-06-05,16,"Physiomobility","Toronto, Canada","https://www.physiomobility.com/","Healthcare/clinic","Public site describes a physiotherapy-focused clinic with multiple clinic spaces and online/at-home services.","AI Service Desk Starter; Fractional IT Director; M365/security baseline",Medium,"Prepare no-send outreach around patient/support workflow and M365 readiness.",no_send
2026-06-05,17,"Toronto Physiotherapy","Toronto, Canada","https://torontophysiotherapy.ca/","Healthcare/clinic","Public site describes one-on-one physiotherapy services and clinic locations.","AI Service Desk Starter; intake/contact automation; M365 readiness",Medium,"Prepare no-send outreach around intake FAQs and workflow documentation.",no_send
2026-06-05,18,"Rebalance Sports Medicine","Downtown Toronto, Canada","https://rebalancetoronto.com/","Healthcare/clinic","Public site describes physiotherapy, chiropractic, massage, sports medicine, and multiple services.","Fractional IT Director lite; AI Service Desk Starter; M365 readiness",Medium,"Prepare no-send outreach around multi-service intake and staff support workflows.",no_send
2026-06-05,19,"Sumach Dental","Downtown Toronto, Canada","https://sumachdental.com/contact/","Healthcare/dental","Public contact page identifies a downtown Toronto dental clinic.","AI Service Desk Starter; Website Rescue + Care Plan; M365 readiness",Medium,"Prepare no-send outreach around appointment/contact flow and staff support.",no_send
2026-06-05,20,"M&J Dental Clinic","Toronto, Canada","https://mjdental.com/","Healthcare/dental","Public site identifies a Toronto dental clinic and contact path.","AI Service Desk Starter; clinic intake automation; M365 readiness",Medium,"Prepare no-send outreach around repeat patient questions and technology cleanup.",no_send
2026-06-05,21,"Constenix","Toronto, Canada","https://www.constenix.com/","Construction/design-build","Public site describes commercial construction, design-build, and general contracting from Toronto.","M365 + AI Readiness; construction document workflow; Fractional IT Director",High,"Prepare no-send outreach around construction document control and project coordination.",no_send
2026-06-05,22,"Builda Construction","Toronto, Canada","https://buildaconstruction.ca/contact/","Construction","Public contact page identifies a Toronto construction company and office address.","Website Rescue + Care Plan; M365 readiness; project file workflow cleanup",Medium,"Prepare no-send outreach around project document organization and contact flow.",no_send
2026-06-05,23,"MF Construction","Toronto, Canada","https://www.mfconstruction.ca/contact","Construction","Public contact page lists admin email and Toronto location.","M365 + AI Readiness; website/contact flow; construction admin workflow",Medium,"Prepare no-send outreach around admin file workflow and secure email/document process.",no_send
2026-06-05,24,"Cycle Toronto","Toronto, Canada","https://www.cycleto.ca/","Nonprofit/advocacy","Public information identifies a Toronto cycling advocacy and charity organization.","Fractional IT Director; M365 + AI Readiness; nonprofit support workflow",Medium,"Prepare no-send outreach only if nonprofit outreach is approved; focus on operational support, not sales pressure.",no_send
2026-06-05,25,"Investigative Journalism Foundation","Canada/Toronto signal","https://theijf.org/","Nonprofit/media/data","Public information describes a nonprofit building public databases around donations, political funding, and lobbying.","M365 + AI Readiness; data workflow and knowledge management; Fractional IT Director",Medium,"Prepare no-send outreach only after reviewing nonprofit/vendor fit and sensitivity.",no_send
