created,rank,lead,region,source_url,lead_type,public_signal,likely_offer,contact_path,next_action,status
2026-06-05,1,"Reddit: New small business needing website help","Online/unknown","https://www.reddit.com/r/smallbusiness/comments/1sz293r/new_small_business_needing_website_help/","Website hand-raiser","Poster says they are a small work-from-home business with minimal budget and need help beautifying pages, inserting a form, and going live.","Website Rescue + Care Plan","Reddit reply/DM only if Ahmad approves","Draft helpful low-pressure reply; do not spam.",no_send
2026-06-05,2,"Reddit: Need somebody for a website build","Online/unknown","https://www.reddit.com/r/smallbusiness/comments/1rifzz8/need_somebody_for_a_website_build/","Website hand-raiser","Poster says they need help building a website and are looking for a developer.","Website Rescue + Care Plan","Reddit reply/DM only if Ahmad approves","Draft concise reply with small-business website offer.",no_send
2026-06-05,3,"Reddit: Granite installation website advice","Online/unknown","https://www.reddit.com/r/smallbusiness/comments/1r9j6bh/website_need_advice/","Website hand-raiser","Poster mentions trying to open a website for a granite installation business.","Website Rescue + Care Plan","Reddit reply/DM only if Ahmad approves","Draft contractor/trades website reply.",no_send
2026-06-05,4,"WD Numeric Corporate Services","Toronto, Canada","https://wdnumeric.com/","SMB direct","Accounting/bookkeeping firm serving small-to-mid-market clients; public contact page includes inquiries email.","M365 + AI Readiness; finance workflow automation","Public website contact/email","Prepare personalized email about secure document workflow and AI readiness.",no_send
2026-06-05,5,"Tangs Accounting Services","Toronto, Canada","https://tangsaccounting.com/","SMB direct","Bookkeeping/payroll services for small businesses.","M365 + AI Readiness; AI Service Desk Starter","Public website contact path","Prepare personalized email about client intake, document flow, and recurring admin questions.",no_send
2026-06-05,6,"CB Bookkeeping Services","Toronto/GTA, Canada","https://cbbookkeepingsolutions.ca/","SMB direct","Helps Toronto small businesses with bookkeeping services.","M365 + AI Readiness; Website Rescue; automation sprint","Public website contact path","Prepare personalized email about secure file exchange and repeated client questions.",no_send
2026-06-05,7,"Minthorn & Associates","Toronto, Canada","https://www.tminthorn.com/","SMB direct","Small-business accounting, bookkeeping, payroll, and tax services.","M365 + AI Readiness; workflow documentation","Public website contact path","Prepare email around tax-season workflow cleanup.",no_send
2026-06-05,8,"Oracle Legal Services","Toronto/GTA, Canada","https://www.oraclelegalservices.ca/","SMB direct","Paralegal firm with small claims, employment, immigration, landlord/tenant, and other services.","M365 + AI Readiness; client intake automation","Public website contact path","Prepare email around secure document intake and repeat client questions.",no_send
2026-06-05,9,"HTW Law","Toronto/GTA, Canada","https://www.htwlaw.ca/contactus","SMB direct","Employment-law contact page lists email-only contact path.","M365 + AI Readiness; secure intake/document workflow","Public website email/contact","Prepare concise email about email-only intake and secure workflow.",no_send
2026-06-05,10,"Global Health Physiotherapy Clinic","Toronto, Canada","https://www.globalhealthcare.ca/contact","SMB direct","Physiotherapy clinic contact page includes email and patient inquiry workflow language.","AI Service Desk Starter; clinic intake automation","Public website email/contact","Prepare clinic intake/support automation email.",no_send
2026-06-05,11,"Achieva Health Physiotherapy Clinic","Toronto, Canada","https://achievahealthphysiotherapy.ca/","SMB direct","Physiotherapy clinic with public contact/service site.","AI Service Desk Starter; M365 readiness","Public website contact path","Prepare email around patient inquiry and staff support workflow.",no_send
2026-06-05,12,"Sumach Dental","Toronto, Canada","https://sumachdental.com/contact/","SMB direct","Dental clinic contact page and public clinic information.","AI Service Desk Starter; Website Rescue; M365 readiness","Public website contact path","Prepare email around appointment inquiries and repeat patient questions.",no_send
2026-06-05,13,"M&J Dental Clinic","Toronto, Canada","https://mjdental.com/","SMB direct","Toronto dental clinic with public website/contact path.","AI Service Desk Starter; clinic intake automation","Public website contact path","Prepare email around patient FAQ and staff workflow.",no_send
2026-06-05,14,"Constenix","Toronto, Canada","https://www.constenix.com/","Mid-size/direct","Commercial construction company with public contact email and office address.","M365 + AI Readiness; construction document workflow; Fractional IT Director","Public website email/contact","Prepare email around construction project document control and office workflows.",no_send
2026-06-05,15,"Builda Construction","Toronto, Canada","https://buildaconstruction.ca/contact/","SMB direct","Construction company contact page with phone and office address.","Website Rescue; M365 readiness; project file workflow","Public website contact path","Prepare contractor workflow/website email.",no_send
2026-06-05,16,"MF Construction","Toronto, Canada","https://www.mfconstruction.ca/contact","SMB direct","Toronto construction company public contact page lists admin email.","M365 + AI Readiness; construction admin workflow","Public website email/contact","Prepare email around project admin workflow and contact process.",no_send
2026-06-05,17,"OpenTable Toronto office expansion","Toronto, Canada","https://www.connectcre.ca/stories/open-table-leases-24-k-sf-premium-office-space-in-downtown-toronto/","Corporate expansion","Signed approximately 24,000 sq ft premium downtown Toronto office lease in June 2026.","Move-in IT support; M365 readiness; support overflow","Research contact first","Prepare no-send office expansion note; likely mature internal IT.",watch_no_send
2026-06-05,18,"BuildOps Canadian headquarters","Toronto, Canada","https://www.bignewsnetwork.com/news/279061032/buildops-opens-dedicated-canadian-headquarters-in-downtown-toronto-doubles-down-on-north-of-the-border-engineering-talent","Corporate expansion","Opened dedicated Canadian headquarters at 210 King Street East in May 2026.","Office onboarding; support overflow; IT documentation","Research contact first","Prepare no-send expansion support/overflow note.",watch_no_send
2026-06-05,19,"KLA Tech Canada","Mississauga, Canada","https://www.tmcnet.com/usubmit/-kla-laboratories-inc-announces-launch-kla-tech-canada-/2026/05/28/10390779.htm","Corporate expansion","Opened first international office near Toronto in May 2026.","Office setup support; AV/wireless coordination; local vendor support","Research contact first","Treat carefully because KLA is itself an IT/AV/wireless integrator.",watch_no_send
2026-06-05,20,"Legora Toronto office","Toronto, Canada","https://legaltech.ca/2026/04/15/legora-opens-toronto-office-after-walter-deal/","Corporate expansion/partner","Opened first Canadian office in Toronto as part of North American expansion.","Legal-tech partner angle; document workflow advisory","Research contact first","Prepare partner-style note, not basic IT pitch.",watch_no_send
