id,title,target_customer,price_range,iis_service,aria_feature,review_status,seo
l1-troubleshooting-bible,Level 1 IT Support Troubleshooting Bible,"new support techs, small teams, and operators managing basic IT support",$39-$99,Help desk process setup,guided troubleshooting flow,Needs review,level 1 IT support guide|help desk troubleshooting|IT ticket triage
m365-helpdesk-kb-pack,Microsoft 365 Help Desk KB Pack,"small businesses, MSPs, and internal support teams",$49-$149,Microsoft 365 support tune-up,M365 issue routing,Needs review,Microsoft 365 help desk KB|M365 troubleshooting|Outlook Teams OneDrive fixes
ai-agent-starter-kit-small-business,AI Agent Starter Kit for Small Business,small business owners and operations leads,$49-$199,AI workflow audit,workflow helper and action checklist,Needs review,AI agents for small business|AI workflow automation|small business AI starter kit
prompt-engineering-workflows,Prompt Engineering for Workflows,"professionals, admins, support teams, and business owners",$29-$99,workflow automation setup,prompt coach and output reviewer,Needs review,prompt engineering workflows|AI prompts for work|prompt systems
windows-11-troubleshooting-kb,Windows 11 Troubleshooting KB,"support techs, small offices, and power users",$29-$79,Windows endpoint support,Windows guided fix flow,Needs review,Windows 11 troubleshooting|Windows 11 help desk KB|Windows support guide
outlook-fix-guide,Outlook Fix Guide,"end users, admins, and support desks",$19-$59,Outlook/M365 support,Outlook guided questions and brief builder,Needs review,Outlook not opening fix|Outlook troubleshooting guide|Outlook help desk
ai-helpdesk-automation-blueprint,AI Help Desk Automation Blueprint,"support leaders, MSPs, and small IT teams",$99-$299,help desk automation build,support agent workflow and escalation,Needs review,AI help desk automation|AI support blueprint|automated help desk workflow
cybersecurity-basics-employees,Cybersecurity Basics for Employees,"small businesses, managers, and non-technical employees",$29-$99,security awareness setup,security question guide and escalation,Needs review,cybersecurity basics for employees|security awareness small business|phishing training basics
no-code-automation-kit,No-Code Automation Kit,"small business owners, admins, creators, and operations teams",$39-$129,workflow automation implementation,automation idea coach,Needs review,no-code automation kit|workflow automation guide|small business automation
