first_name,last_name,email,company_name,website,domain,industry,city,specific_observation,pitch_angle,subject,score
Dawson,,dawson@mississaugalawyer.com,Hancock Douglas H,http://mississaugalawyer.com/,mississaugalawyer.com,Law,Mississauga,"no HTTPS on the site, WordPress site copyright 2011",ai_doc_review,Hancock Douglas H — quick thought on contract & intake review,8
,,info@gvelaw.ca,Grandmaitre Virgo Evans,http://www.gvelaw.ca/,gvelaw.ca,Law,Ottawa,"no HTTPS on the site, WordPress site copyright 2009",ai_doc_review,Grandmaitre Virgo Evans — quick thought on contract & intake review,8
Emark,,emark@keohanelaw.ca,Keohane E Mark,http://www.keohanelaw.ca/,keohanelaw.ca,Law,Edmonton,"no HTTPS on the site, WordPress site copyright 2021",ai_doc_review,Keohane E Mark — quick thought on contract & intake review,8
Fisch,,fisch@jfischlaw.ca,Fisch & Antonette,http://torontorealestatelawyer.co/,torontorealestatelawyer.co,Law,Toronto,"no HTTPS on the site, WordPress build",ai_doc_review,Fisch & Antonette — quick thought on contract & intake review,8
,,office@thatcherandwands.com,William L Thatcher B A LL.B,http://www.thatcherandwands.com/,thatcherandwands.com,Law,Hamilton,"no HTTPS on the site, no mobile viewport meta",ai_doc_review,William L Thatcher B A LL.B — quick thought on contract & intake review,7
,,main@mcallisterllp.com,McAllister LLP,http://www.mcallisterllp.com/,mcallisterllp.com,Law,Edmonton,"no HTTPS on the site, WordPress build",ai_doc_review,McAllister LLP — quick thought on contract & intake review,7
,,reception@wrightlaw.ca,Wright Law Office,http://www.wrightlaw.ca/,wrightlaw.ca,Law,Calgary,"no HTTPS on the site, WordPress build",ai_doc_review,Wright Law Office — quick thought on contract & intake review,7
,,contactus@tlclaw.ca,Clark Tyrrell A Barr&Solctr,http://www.tlcl.ca/,tlcl.ca,Law,Mississauga,"no HTTPS on the site, WordPress build",ai_doc_review,Clark Tyrrell A Barr&Solctr — quick thought on contract & intake review,6
Recep,,recep@gibsonslaw.com,Gibsons LLP,http://gibsonslaw.com/,gibsonslaw.com,Law,Ottawa,"no HTTPS on the site, WordPress build",ai_doc_review,Gibsons LLP — quick thought on contract & intake review,6
,,info@bhmlaw.ca,Bradley Hiscock McCracken,http://bhmlaw.ca/,bhmlaw.ca,Law,Ottawa,"no HTTPS on the site, WordPress build",ai_doc_review,Bradley Hiscock McCracken — quick thought on contract & intake review,6
,,lassist@divorcebc.net,Dubas & Co,http://www.divorcebc.com/,divorcebc.com,Law,Vancouver,"no HTTPS on the site, WordPress build",ai_doc_review,Dubas & Co — quick thought on contract & intake review,6
,,info@leonardlaw.ca,Leonard Law,http://www.leonardlaw.ca/,leonardlaw.ca,Law,Vancouver,"no HTTPS on the site, WordPress build",ai_doc_review,Leonard Law — quick thought on contract & intake review,6
,,info@munrocrawford.ca,Munro & Crawford Barristers & Solicitors,http://www.munrocrawford.ca/,munrocrawford.ca,Law,Vancouver,"no HTTPS on the site, WordPress build",ai_doc_review,Munro & Crawford Barristers & Solicitors — quick thought on contract & intake review,6
,,info@westcoastwills.com,Westcoast Wills & Estates,http://www.westcoastwills.com/,westcoastwills.com,Law,Vancouver,"no HTTPS on the site, WordPress build",ai_doc_review,Westcoast Wills & Estates — quick thought on contract & intake review,6
,,info@frl-law.com,"Farber Robillard Leith, LLP",http://www.frl-law.com/,frl-law.com,Law,Ottawa,"no HTTPS on the site, WordPress build",ai_doc_review,"Farber Robillard Leith, LLP — quick thought on contract & intake review",6
,,info@litigationchambers.com,Hunter Litigation Chambers Law Corp,http://www.litigationchambers.com/,litigationchambers.com,Law,Vancouver,"no HTTPS on the site, manual contact form / phone-only intake",ai_doc_review,Hunter Litigation Chambers Law Corp — quick thought on contract & intake review,6
,,info@rhncpa.com,RHN CPA,http://www.rhncpa.com/,rhncpa.com,Accounting,Vancouver,"no HTTPS on the site, WordPress build",ai_doc_review,RHN CPA — quick thought on client document workflows,8
Rwelm,,rwelm@shaw.ca,Robert W Elm Inc,http://rwelm.ca/,rwelm.ca,Accounting,Vancouver,"no HTTPS on the site, no mobile viewport meta",ai_doc_review,Robert W Elm Inc — quick thought on client document workflows,8
Rita,,rita@ritazelikman.com,Rita Zelikman,http://www.ritazelikman.com/,ritazelikman.com,Accounting,Toronto,"no HTTPS on the site, WordPress site copyright 2022",ai_doc_review,Rita Zelikman — quick thought on client document workflows,7
,,info@perfectfinancialsolutions.ca,Profit Financial Solutions Ltd,http://amy51.com/,amy51.com,Accounting,Toronto,"no HTTPS on the site, WordPress build",ai_doc_review,Profit Financial Solutions Ltd — quick thought on client document workflows,6
,,info@lohncaulder.com,Lohn Caulder LLP Chartered Professional Accountants,http://www.lohncaulder.com/,lohncaulder.com,Accounting,Vancouver,"no HTTPS on the site, WordPress build",ai_doc_review,Lohn Caulder LLP Chartered Professional Accountants — quick thought on client document workflows,6
,,info@bomcas.ca,Baker Ronald Chartered Accountant,http://accountantstoronto.com/,accountantstoronto.com,Accounting,Toronto,"no HTTPS on the site, no mobile viewport meta",ai_doc_review,Baker Ronald Chartered Accountant — quick thought on client document workflows,6
,,info@accountants-bc.ca,Accountants-BC Ltd.,http://accountants-bc.ca?y_source=1_NDQ0NTQwMDgtNjAxLWxvY2F0aW9uLndlYnNpdGU%3D,accountants-bc.ca,Accounting,Vancouver,"no HTTPS on the site, WordPress build",ai_doc_review,Accountants-BC Ltd. — quick thought on client document workflows,6
,,info@fastaccountingservice.net,F-A-S-T Accounting Services,http://www.fastaccountingservice.net/,fastaccountingservice.net,Accounting,Vancouver,"no HTTPS on the site, no mobile viewport meta",ai_doc_review,F-A-S-T Accounting Services — quick thought on client document workflows,6
,,rogermillette@bellnet.ca,"Roger Millette, Professional Corporation",http://www.rogermillette.com/,rogermillette.com,Accounting,Ottawa,"no HTTPS on the site, no mobile viewport meta",ai_doc_review,"Roger Millette, Professional Corporation — quick thought on client document workflows",6
,,info@tscpa.ca,Tr&eacute;panier Sarrazin CGA,http://www.tscga.ca/,tscga.ca,Accounting,Ottawa,"no HTTPS on the site, WordPress build",ai_doc_review,Tr&eacute;panier Sarrazin CGA — quick thought on client document workflows,6
,,stricklandandco@telus.net,Don G Strickland Chartered Professional Accountant,http://www.strickland-cpa.ca/,strickland-cpa.ca,Accounting,Vancouver,"no HTTPS on the site, WordPress build",ai_doc_review,Don G Strickland Chartered Professional Accountant — quick thought on client document workflows,5
,,contact@ksk.ca,Koster Spinks & Koster,http://www.ksk.ca/,ksk.ca,Accounting,Toronto,"no HTTPS on the site, manual contact form / phone-only intake",ai_doc_review,Koster Spinks & Koster — quick thought on client document workflows,4
,,info@kuzniakcpa.ca,Kuzniak CPA Professional Corporation,https://kuzniakcpa.ca/,kuzniakcpa.ca,Accounting,Toronto,"WordPress build, manual contact form / phone-only intake",ai_doc_review,Kuzniak CPA Professional Corporation — quick thought on client document workflows,4
,,info@capitalcpa.ca,CCC Capital CPA,https://capitalcpa.ca/,capitalcpa.ca,Accounting,Vancouver,"WordPress build, manual contact form / phone-only intake",ai_doc_review,CCC Capital CPA — quick thought on client document workflows,4
,,info@raviaccuratetax.ca,Accurate Tax Services - Ravi Cheema,http://raviaccuratetax.ca/,raviaccuratetax.ca,Accounting,Toronto,"no HTTPS on the site, manual contact form / phone-only intake",ai_doc_review,Accurate Tax Services - Ravi Cheema — quick thought on client document workflows,4
,,info@bhicksortho.com,Dr Bryan R Hicks,http://www.bhicksortho.com/,bhicksortho.com,Dental,Vancouver,"no HTTPS on the site, WordPress site copyright 2020",scheduling_automation,Dr Bryan R Hicks — quick thought on booking & no-shows,8
,,dr.mlbygrave@gmail.com,Dr. M. L. Bygrave,http://drmlbygrave.com/,drmlbygrave.com,Dental,Toronto,"no HTTPS on the site, WordPress build",scheduling_automation,Dr. M. L. Bygrave — quick thought on booking & no-shows,7
,,%20reception@missionoralsurgery.com,Mission Oral Surgery,http://www.missionoralsurgery.com/,missionoralsurgery.com,Dental,Calgary,"no HTTPS on the site, WordPress site copyright 2020",scheduling_automation,Mission Oral Surgery — quick thought on booking & no-shows,7
,,info@drstern.ca,Dr Steven & Dr Jonathan Stern Dentistry,http://www.drstern.ca/,drstern.ca,Dental,Toronto,"no HTTPS on the site, WordPress build",scheduling_automation,Dr Steven & Dr Jonathan Stern Dentistry — quick thought on booking & no-shows,6
,,office@ewdental.ca,Eglinton West Dental,http://eglintonwestdental.ca/,eglintonwestdental.ca,Dental,Toronto,"no HTTPS on the site, WordPress build",scheduling_automation,Eglinton West Dental — quick thought on booking & no-shows,6
,,admin@yorkvillesmiles.com,Sturm Judy Dr,http://www.yorkvillesmiles.com/,yorkvillesmiles.com,Dental,Toronto,"no HTTPS on the site, WordPress build",scheduling_automation,Sturm Judy Dr — quick thought on booking & no-shows,6
,,info@scarlettroaddentistry.com,Scarlett Road Dentistry,http://www.scarlettroaddentistry.com/,scarlettroaddentistry.com,Dental,Toronto,"no HTTPS on the site, WordPress build",scheduling_automation,Scarlett Road Dentistry — quick thought on booking & no-shows,6
,,info@yongeperio.com,Yonge Eglinton Periodontics - Dr. Andrew Kay,http://www.drandrewkay.com/,drandrewkay.com,Dental,Toronto,"no HTTPS on the site, no online booking on the homepage",scheduling_automation,Yonge Eglinton Periodontics - Dr. Andrew Kay — quick thought on booking & no-shows,6
,,info@lisabentleydentist.com,Dr Bentley Lisa,http://lisabentleydentist.com/,lisabentleydentist.com,Dental,Mississauga,"no HTTPS on the site, WordPress build",scheduling_automation,Dr Bentley Lisa — quick thought on booking & no-shows,6
,,hi@smileonthedrive.com,Mercato Dental Centre,http://www.smileonthedrive.com/,smileonthedrive.com,Dental,Vancouver,"no HTTPS on the site, WordPress build",scheduling_automation,Mercato Dental Centre — quick thought on booking & no-shows,6
,,mail@paperio.ca,Litchen Michael Dr,http://www.paperio.ca/,paperio.ca,Dental,Mississauga,"no HTTPS on the site, WordPress build",scheduling_automation,Litchen Michael Dr — quick thought on booking & no-shows,5
,,demarchidental@bellnet.ca,DeMarchi Ban Dr,http://www.demarchidental.com/,demarchidental.com,Dental,Mississauga,"no HTTPS on the site, WordPress build",scheduling_automation,DeMarchi Ban Dr — quick thought on booking & no-shows,5
,,reception@falsecreekpuredental.com,False Creek Pure Dental,http://falsecreekpuredental.com/,falsecreekpuredental.com,Dental,Vancouver,"no HTTPS on the site, WordPress build",scheduling_automation,False Creek Pure Dental — quick thought on booking & no-shows,5
,,info@galleriadental.ca,Galleria Dental | Dr. I. Costache & Associates,https://galleriadental.ca/,galleriadental.ca,Dental,Toronto,"WordPress build, no online booking on the homepage",scheduling_automation,Galleria Dental | Dr. I. Costache & Associates — quick thought on booking & no-shows,4
,,reception@royaldentalcentre.com,Royal Bank Plaza Dental Centre,https://royaldentalcentre.com/,royaldentalcentre.com,Dental,Toronto,"WordPress build, no online booking on the homepage",scheduling_automation,Royal Bank Plaza Dental Centre — quick thought on booking & no-shows,4
,,admin@leonismgmt.com,Leonis Management & Consultants Ltd,http://leonismgmt.com/,leonismgmt.com,PropertyMgmt,Vancouver,"no HTTPS on the site, no mobile viewport meta",comms_automation,Leonis Management & Consultants Ltd — quick thought on work-orders & tenant comms,8
,,e-revenue@metcap.com,Metcap Living Management,http://www.metcap.com/,metcap.com,PropertyMgmt,Toronto,"no HTTPS on the site, WordPress build",comms_automation,Metcap Living Management — quick thought on work-orders & tenant comms,6
,,info@abionacentre.ca,Park Property Management Inc,http://www.massey.ca/,massey.ca,PropertyMgmt,Toronto,"no HTTPS on the site, WordPress build",comms_automation,Park Property Management Inc — quick thought on work-orders & tenant comms,6
,,reception@maudemackay.com,Maude MacKay & Co Ltd,http://www.maudemackay.com/,maudemackay.com,PropertyMgmt,Vancouver,"no HTTPS on the site, WordPress build",comms_automation,Maude MacKay & Co Ltd — quick thought on work-orders & tenant comms,6
,,mail@westcorp.net,Westcorp,http://ilikelondon.com/,ilikelondon.com,PropertyMgmt,Calgary,"no HTTPS on the site, WordPress build",comms_automation,Westcorp — quick thought on work-orders & tenant comms,6
,,info@birdsnestproperties.ca,Birds Nest Properties,https://birdsnestproperties.ca/,birdsnestproperties.ca,PropertyMgmt,Vancouver,"WordPress site copyright 2018, manual contact form / phone-only intake",comms_automation,Birds Nest Properties — quick thought on work-orders & tenant comms,6
,,info@morguard.com,Morguard,http://www.morguard.com/,morguard.com,PropertyMgmt,Vancouver,"no HTTPS on the site, WordPress build",comms_automation,Morguard — quick thought on work-orders & tenant comms,6
Media,,media@hopewell.com,Hopewell Development Corporation,http://hopewell.com/,hopewell.com,PropertyMgmt,Calgary,"no HTTPS on the site, WordPress build",comms_automation,Hopewell Development Corporation — quick thought on work-orders & tenant comms,6
,,responsive-communitycare@vha.ca,VHA Home HealthCare,http://www.vha.ca/,vha.ca,PropertyMgmt,Toronto,"no HTTPS on the site, WordPress build",comms_automation,VHA Home HealthCare — quick thought on work-orders & tenant comms,5
,,info@cmsrealestateltd.com,CMS Real Estate Ltd,http://cmsrealestateltd.com/,cmsrealestateltd.com,PropertyMgmt,Calgary,"no HTTPS on the site, WordPress build",comms_automation,CMS Real Estate Ltd — quick thought on work-orders & tenant comms,5
Jesse,,jesse@jessedavies.ca,FirstService,http://www.jessedavies.ca/,jessedavies.ca,PropertyMgmt,Calgary,"no HTTPS on the site, WordPress build",comms_automation,FirstService — quick thought on work-orders & tenant comms,5
Media,,media@oxfordproperties.com,Oxford Properties Group,http://oxfordproperties.com/,oxfordproperties.com,PropertyMgmt,Toronto,"no HTTPS on the site, manual contact form / phone-only intake",comms_automation,Oxford Properties Group — quick thought on work-orders & tenant comms,4
,,info@insurancetiger.ca,InsuranceTiger.ca,http://www.insurancetiger.ca/instant-auto-insurance-quote/,insurancetiger.ca,Insurance,Toronto,"no HTTPS on the site, WordPress build",claims_automation,InsuranceTiger.ca — quick thought on quote & claims intake,7
,,client_service_support@cooperators.ca,Co-operators,http://www.cooperators.ca/,cooperators.ca,Insurance,Toronto,"no HTTPS on the site, no mobile viewport meta",claims_automation,Co-operators — quick thought on quote & claims intake,6
Steve,,steve.marchese@desjardins.com,Desjardins Insurance Steve Marchese - Agent,https://ottawainsurance.com/,ottawainsurance.com,Insurance,Ottawa,"no mobile viewport meta, manual contact form / phone-only intake",claims_automation,Desjardins Insurance Steve Marchese - Agent — quick thought on quote & claims intake,6
,,info@bairdmacgregor.com,Baird MacGregor Insurance Brokers LP,http://www.bairdmacgregor.com/,bairdmacgregor.com,Insurance,Toronto,"no HTTPS on the site, WordPress build",claims_automation,Baird MacGregor Insurance Brokers LP — quick thought on quote & claims intake,6
,,info@benefitsmatter.ca,Benefits Matter - Warren Handsor Broker,https://www.benefitsmatter.ca/,benefitsmatter.ca,Insurance,Toronto,"no mobile viewport meta, manual contact form / phone-only intake",claims_automation,Benefits Matter - Warren Handsor Broker — quick thought on quote & claims intake,4
,,info@jhallinsurance.ca,J Hall Insurance,https://jhallinsurance.ca/,jhallinsurance.ca,Insurance,Toronto,"WordPress build, manual contact form / phone-only intake",claims_automation,J Hall Insurance — quick thought on quote & claims intake,4
,,info@cmrinsurance.com,CMR Insurance Brokers Ltd.,https://www.cmrinsurance.com/,cmrinsurance.com,Insurance,Toronto,"WordPress build, manual contact form / phone-only intake",claims_automation,CMR Insurance Brokers Ltd. — quick thought on quote & claims intake,4
Viresh,,viresh@blueumbrellafinancial.ca,Blue Umbrella Financial Services,https://blueumbrellafinancial.ca/,blueumbrellafinancial.ca,Insurance,Toronto,"WordPress build, manual contact form / phone-only intake",claims_automation,Blue Umbrella Financial Services — quick thought on quote & claims intake,4
,Service,customer.service@thinkinsure.ca,Thinkinsure,https://www.thinkinsure.ca/,thinkinsure.ca,Insurance,Toronto,manual contact form / phone-only intake,claims_automation,Thinkinsure — quick thought on quote & claims intake,2
,,insurewithpreeti@gmail.com,Preeti Sidhu-Diamond Insurance),https://preetisidhu.com/index-2.html,preetisidhu.com,Insurance,Toronto,manual contact form / phone-only intake,claims_automation,Preeti Sidhu-Diamond Insurance) — quick thought on quote & claims intake,2
,,hello@spearrealty.ca,Spear Realty Inc.,http://www.spearrealty.ca/,spearrealty.ca,RealEstate,Toronto,"no HTTPS on the site, WordPress build",lead_routing,Spear Realty Inc. — quick thought on lead routing,6
Ahmed,,ahmed@ahmedamin.ca,Ahmed Amin Hamed Aly,http://ahmedamin.ca/,ahmedamin.ca,RealEstate,Toronto,"no HTTPS on the site, WordPress build",lead_routing,Ahmed Amin Hamed Aly — quick thought on lead routing,5
Rotimi,Fadipe,rotimi.fadipe@royallepage.ca,Rotimi Fadipe Royal LePage Prime Real Estate,https://www.royallepage.ca/en/agent/manitoba/winnipeg/rotimi-fadipe/70834/,royallepage.ca,RealEstate,Toronto,"WordPress build, manual contact form / phone-only intake",lead_routing,Rotimi Fadipe Royal LePage Prime Real Estate — quick thought on lead routing,4
Melissa,,melissa@moagrealty.com,Melissa Oag Realty,http://moagrealty.com/,moagrealty.com,RealEstate,Toronto,"no HTTPS on the site, manual contact form / phone-only intake",lead_routing,Melissa Oag Realty — quick thought on lead routing,4
,,info@realtylife.com,Realty Life Ltd Brokerage,http://www.realtylife.ca/,realtylife.ca,RealEstate,Toronto,"no HTTPS on the site, manual contact form / phone-only intake",lead_routing,Realty Life Ltd Brokerage — quick thought on lead routing,4
Tina,,tina@larsenrealtyteam.com,Larsen Realty Team Inc - ReMax Realty Specialists,http://www.larsenrealtyteam.com/,larsenrealtyteam.com,RealEstate,Toronto,"no HTTPS on the site, manual contact form / phone-only intake",lead_routing,Larsen Realty Team Inc - ReMax Realty Specialists — quick thought on lead routing,4
,,info@gtahousebuyers.ca,GTA House Buyers,https://www.gtahousebuyers.ca/,gtahousebuyers.ca,RealEstate,Toronto,"WordPress build, manual contact form / phone-only intake",lead_routing,GTA House Buyers — quick thought on lead routing,4
,,info@smartchoiceteam.com,Smart Choice Team,http://www.smartchoiceteam.com/,smartchoiceteam.com,RealEstate,Toronto,"no HTTPS on the site, manual contact form / phone-only intake",lead_routing,Smart Choice Team — quick thought on lead routing,4
,,info@jzach.ca,Team JZACH (J Zachariah),https://jzach.ca/,jzach.ca,RealEstate,Toronto,manual contact form / phone-only intake,lead_routing,Team JZACH (J Zachariah) — quick thought on lead routing,2
Matt,,matt@storefronttoronto.com,Storefront Toronto,https://www.storefronttoronto.com/,storefronttoronto.com,RealEstate,Toronto,manual contact form / phone-only intake,lead_routing,Storefront Toronto — quick thought on lead routing,2
,,admin@anaxinc.com,ANAX Roofing,http://anaxinc.com/,anaxinc.com,Trade,Toronto,"no HTTPS on the site, WordPress site copyright 2019",ai_intake_automation,ANAX Roofing — quick thought on call/quote intake,10
,,info@griffithsplumbing.com,Griffiths Geo & Sons Ltd,http://www.griffithsplumbing.com/,griffithsplumbing.com,Trade,Toronto,"no HTTPS on the site, no mobile viewport meta",ai_intake_automation,Griffiths Geo & Sons Ltd — quick thought on call/quote intake,7
,,ewsmithroofing@rogers.com,E W Smith Roofing,http://ewsmithroofing.com/,ewsmithroofing.com,Trade,Toronto,"no HTTPS on the site, WordPress build",ai_intake_automation,E W Smith Roofing — quick thought on call/quote intake,7
,,info@bserraandsons.com,B Serra & Sons Roofing Inc,http://bserraandsons.com/,bserraandsons.com,Trade,Toronto,"no HTTPS on the site, WordPress build",ai_intake_automation,B Serra & Sons Roofing Inc — quick thought on call/quote intake,7
,,info@newcanadiandrain.com,New Canadian Drain and Plumbing Ltd,http://newcanadiandrain.com/,newcanadiandrain.com,Trade,Toronto,"no HTTPS on the site, WordPress build",ai_intake_automation,New Canadian Drain and Plumbing Ltd — quick thought on call/quote intake,6
,,info@drainkingplumbers.ca,Drain King Plumbers,http://www.drainkingplumbers.ca/,drainkingplumbers.ca,Trade,Toronto,"no HTTPS on the site, WordPress build",ai_intake_automation,Drain King Plumbers — quick thought on call/quote intake,6
,,info@alderwoodplumbing.ca,Alderwood Plumbing Services Ltd,http://www.alderwoodplumbing.ca/,alderwoodplumbing.ca,Trade,Toronto,"no HTTPS on the site, no mobile viewport meta",ai_intake_automation,Alderwood Plumbing Services Ltd — quick thought on call/quote intake,6
Avivplumbing,,avivplumbing@gmail.com,Aviv Plumbing Inc,http://avivplumbing.ca/,avivplumbing.ca,Trade,Toronto,"no HTTPS on the site, WordPress build",ai_intake_automation,Aviv Plumbing Inc — quick thought on call/quote intake,6
Micah,,micah@micahrich.com,X-Cel Home Comfort,http://www.xcelhomecomfort.com/,xcelhomecomfort.com,Trade,Toronto,"no HTTPS on the site, manual contact form / phone-only intake",ai_intake_automation,X-Cel Home Comfort — quick thought on call/quote intake,6
,,st.louisroofingconstruction@gmail.com,St Louis Roofing,https://stlouisroofing.ca/,stlouisroofing.ca,Trade,Toronto,"WordPress build, no mobile viewport meta",ai_intake_automation,St Louis Roofing — quick thought on call/quote intake,6
,,info@coretemp.ca,Coretemp Heating And Air Inc,http://www.coretemp.ca/,coretemp.ca,Trade,Toronto,"no HTTPS on the site, no mobile viewport meta",ai_intake_automation,Coretemp Heating And Air Inc — quick thought on call/quote intake,6
Jobs,,jobs@crawfordroofing.ca,Crawford Roofing Corp,http://www.crawfordroofing.ca/,crawfordroofing.ca,Trade,Toronto,"no HTTPS on the site, WordPress build",ai_intake_automation,Crawford Roofing Corp — quick thought on call/quote intake,6
,,mail@ayplumbing.ca,A & Y Plumbing,http://www.ayplumbing.ca/,ayplumbing.ca,Trade,Toronto,"no HTTPS on the site, manual contact form / phone-only intake",ai_intake_automation,A & Y Plumbing — quick thought on call/quote intake,5
,,info@birnieplumbinganddrains.ca,Birnie Thos R & Sons Ltd,http://www.5stinky.com/,5stinky.com,Trade,Toronto,"no HTTPS on the site, WordPress build",ai_intake_automation,Birnie Thos R & Sons Ltd — quick thought on call/quote intake,5
,,info@rdaroofvac.rocks,RDA Roof Vacuum Expert Inc,http://www.rdaroofvac.rocks/,rdaroofvac.rocks,Trade,Toronto,"no HTTPS on the site, manual contact form / phone-only intake",ai_intake_automation,RDA Roof Vacuum Expert Inc — quick thought on call/quote intake,5
,,info@goldmanspring.com,Goldman Spring Kichler & Sanders LLP,http://www.goldmanspring.com/,goldmanspring.com,Law,Toronto,"no HTTPS on the site, WordPress build",ai_doc_review,Goldman Spring Kichler & Sanders LLP — quick thought on contract & intake review,6
,,mb@mblegal.ca,Botnick Myer,http://www.mblegal.ca/,mblegal.ca,Law,Toronto,"no HTTPS on the site, WordPress build",ai_doc_review,Botnick Myer — quick thought on contract & intake review,6
,,info@lawwise.ca,Law Wise Professional Corporation,https://www.lawwise.ca/,lawwise.ca,Law,Mississauga,"WordPress build, no mobile viewport meta",ai_doc_review,Law Wise Professional Corporation — quick thought on contract & intake review,6
,,info@calvinbarry.ca,Calvin Barry,http://www.calvinbarry.ca/,calvinbarry.ca,Law,Toronto,"no HTTPS on the site, WordPress build",ai_doc_review,Calvin Barry — quick thought on contract & intake review,6
,,info@grillo.ca,Grillo Law Personal Injury Lawyers,http://www.grillo.ca/,grillo.ca,Law,Toronto,"no HTTPS on the site, WordPress build",ai_doc_review,Grillo Law Personal Injury Lawyers — quick thought on contract & intake review,6
,,reception@filicelaw.ca,Filice Pat Law Office,http://www.filicelaw.ca/,filicelaw.ca,Law,Hamilton,"no HTTPS on the site, WordPress build",ai_doc_review,Filice Pat Law Office — quick thought on contract & intake review,5
Joinus,,joinus@hmclawyers.com,HMC Laywers LLP,https://hmclawyers.com/,hmclawyers.com,Law,Calgary,"WordPress build, manual contact form / phone-only intake",ai_doc_review,HMC Laywers LLP — quick thought on contract & intake review,5
