keyword,category,region,time_range,source,notes
AI agents for small business,business,US-CA,12m,public-research,"long-life AI agent SMB demand; source anchors Gartner McKinsey Zoom Google"
AI workflow automation,business,US-CA,12m,public-research,"workflow automation buyer intent; source anchors Gartner McKinsey Zoom"
Microsoft 365 automation,it-support,CA,12m,public-research,"M365 and automation demand; IIS service fit"
Microsoft 365 Copilot training,ai-edge,US-CA,12m,public-research,"AI workplace learning demand; source anchors Microsoft Coursera"
cybersecurity awareness training,security,US-CA,12m,public-research,"SMB employee training and security awareness demand"
AI phishing protection,security,US-CA,12m,public-research,"AI-powered phishing risk and SMB security demand"
no-code automation,business,US-CA,12m,public-research,"SMB automation buyer intent"
AI productivity training,ai-edge,US-CA,12m,public-research,"adult AI learning and workplace productivity"
AI tutor for kids,education,US-CA,12m,public-research,"family learning; child safety review required"
AI study tools,education,US-CA,12m,public-research,"student and parent learning demand"
prompt engineering for workflows,ai-edge,US-CA,12m,public-research,"workflow prompt systems"
context engineering,ai-edge,US-CA,12m,public-research,"advanced AI system skill"
multi-agent systems,ai-edge,US-CA,12m,public-research,"Gartner strategic trend"
agentic AI governance,business,US-CA,12m,public-research,"AI policy and governance demand"
AI agent orchestration,business,US-CA,12m,public-research,"agentic AI operations"
AI customer service agent,business,US-CA,12m,public-research,"support automation buyer intent"
AI sales assistant,business,US-CA,12m,public-research,"sales workflow automation"
AI executive assistant,ai-edge,US-CA,12m,public-research,"professional productivity AI"
AI meeting notes automation,ai-edge,US-CA,12m,public-research,"meeting workflow automation"
AI email assistant,ai-edge,US-CA,12m,public-research,"email productivity"
AI search optimization,business,US-CA,12m,public-research,"AI search and discovery shift"
generative engine optimization,business,US-CA,12m,public-research,"AI search marketing demand"
AI content workflow,business,US-CA,12m,public-research,"creator/business content systems"
AI video generator,creator,US-CA,12m,public-research,"creator AI demand"
AI voice agent,business,US-CA,12m,public-research,"voice support and business automation"
website chatbot for small business,business,US-CA,12m,public-research,"SMB website assistant"
AI compliance policy,business,US-CA,12m,public-research,"AI governance and policy"
AI employee training,business,US-CA,12m,public-research,"business training demand"
AI onboarding automation,business,US-CA,12m,public-research,"HR and ops automation"
AI document automation,business,US-CA,12m,public-research,"office automation"
workflow automation,business,US-CA,12m,public-research,"durable ops demand"
Zapier AI automation,business,US-CA,12m,public-research,"no-code automation"
Microsoft Power Automate,it-support,US-CA,12m,public-research,"M365 automation"
CRM automation,business,US-CA,12m,public-research,"sales ops automation"
invoice automation,business,US-CA,12m,public-research,"finance workflow automation"
appointment scheduling automation,business,US-CA,12m,public-research,"service business automation"
customer support automation,business,US-CA,12m,public-research,"support operations"
SOP automation,business,US-CA,12m,public-research,"operations systems"
knowledge base automation,it-support,US-CA,12m,public-research,"support KB and ARIA fit"
ticket triage AI,it-support,US-CA,12m,public-research,"help desk AI"
AI help desk automation,it-support,US-CA,12m,public-research,"ARIA support product fit"
AI support copilot,it-support,US-CA,12m,public-research,"support agent workflow"
Level 1 IT support training,it-support,US-CA,12m,public-research,"Growth Library support product"
help desk troubleshooting,it-support,US-CA,12m,public-research,"support training demand"
Windows 11 troubleshooting,it-support,US-CA,12m,public-research,"evergreen support demand"
Outlook troubleshooting,it-support,US-CA,12m,public-research,"M365 support demand"
Outlook not opening fix,it-support,US-CA,12m,public-research,"specific high-frequency support issue"
OneDrive sync fix,it-support,US-CA,12m,public-research,"M365 support demand"
Teams meeting troubleshooting,it-support,US-CA,12m,public-research,"M365 support demand"
SharePoint permissions,it-support,US-CA,12m,public-research,"M365 admin demand"
Intune device management,it-support,US-CA,12m,public-research,"endpoint management"
laptop setup checklist,it-support,US-CA,12m,public-research,"onboarding support"
printer troubleshooting,it-support,US-CA,12m,public-research,"evergreen support issue"
Wi-Fi troubleshooting,it-support,US-CA,12m,public-research,"evergreen support issue"
software patch management,security,US-CA,12m,public-research,"SMB security and IT ops"
endpoint security for small business,security,US-CA,12m,public-research,"SMB security"
Microsoft 365 security hardening,security,US-CA,12m,public-research,"M365 security service"
MFA rollout,security,US-CA,12m,public-research,"security basics"
password manager rollout,security,US-CA,12m,public-research,"SMB/family security"
passkeys for business,security,US-CA,12m,public-research,"identity security"
AI security platform,security,US-CA,12m,public-research,"Gartner AI security trend"
SOC automation,security,US-CA,12m,public-research,"security operations automation"
ransomware readiness,security,US-CA,12m,public-research,"SMB readiness"
backup and recovery plan,security,US-CA,12m,public-research,"business continuity"
DMARC setup,security,US-CA,12m,public-research,"email security"
data loss prevention,security,US-CA,12m,public-research,"business security"
zero trust small business,security,US-CA,12m,public-research,"SMB security roadmap"
cybersecurity audit checklist,security,US-CA,12m,public-research,"security audit product"
AI for teachers,education,US-CA,12m,public-research,"education AI demand"
AI lesson plan generator,education,US-CA,12m,public-research,"teacher AI tool"
digital literacy for parents,education,US-CA,12m,public-research,"family education"
AI career skills,education,US-CA,12m,public-research,"Coursera AI skills demand"
Python for AI beginners,education,US-CA,12m,public-research,"AI learning path"
data analytics beginner,education,US-CA,12m,public-research,"job skills demand"
cloud fundamentals,education,US-CA,12m,public-research,"IT/cloud learning"
IT support certification prep,education,US-CA,12m,public-research,"IT career path"
Microsoft Excel AI,ai-edge,US-CA,12m,public-research,"workplace productivity"
AI resume builder,career,US-CA,12m,public-research,"career AI; claim review"
AI interview practice,career,US-CA,12m,public-research,"career AI; claim review"
AI photo editing,creator,US-CA,12m,public-research,"creator AI"
AI video editing,creator,US-CA,12m,public-research,"creator AI"
AI music generator,creator,US-CA,12m,public-research,"creator AI"
AI design tools,creator,US-CA,12m,public-research,"creator/business design"
creator automation,creator,US-CA,12m,public-research,"creator workflow"
YouTube automation,creator,US-CA,12m,public-research,"creator workflow"
podcast AI editing,creator,US-CA,12m,public-research,"creator workflow"
social media content calendar AI,creator,US-CA,12m,public-research,"marketing workflow"
personal AI assistant,consumer,US-CA,12m,public-research,"consumer AI structural shift"
smart glasses,consumer,US-CA,12m,public-research,"consumer tech external bridge"
AI wearables,consumer,US-CA,12m,public-research,"consumer tech external bridge"
smart ring,consumer,US-CA,12m,public-research,"wearable purchase trend"
AI health wearable,consumer,US-CA,12m,public-research,"health claim review"
smart home automation,consumer,US-CA,12m,public-research,"home tech demand"
AI home robot,consumer,US-CA,12m,public-research,"physical AI consumer bridge"
personal knowledge management AI,ai-edge,US-CA,12m,public-research,"professional productivity"
AI note-taking app,ai-edge,US-CA,12m,public-research,"students/workers productivity"
AI finance tracker,consumer,US-CA,12m,public-research,"financial claim review"
AI travel planner,consumer,US-CA,12m,public-research,"consumer AI"
AI-native development platforms,developer,US-CA,12m,public-research,"Gartner strategic trend"
digital provenance and content authenticity,security,US-CA,12m,public-research,"trust and authenticity trend"
