id,keyword,category,region,time_range,source,total_score,longevity,review_status,risk_flags,product_title,suggested_price_range
microsoft-365-automation-3,Microsoft 365 automation,it-support,CA,12m,public-research,76,Long,Needs review,,Microsoft 365 automation: Practical Starter System,$29-$99 digital product; $199+ guided implementation
workflow-automation-31,workflow automation,business,US-CA,12m,public-research,76,Long,Needs review,,workflow automation: Practical Starter System,$29-$99 digital product; $199+ guided implementation
microsoft-power-automate-33,Microsoft Power Automate,it-support,US-CA,12m,public-research,76,Medium,Needs review,,Microsoft Power Automate: Practical Starter System,$29-$99 digital product; $199+ guided implementation
customer-support-automation-37,customer support automation,business,US-CA,12m,public-research,76,Long,Needs review,,customer support automation: Practical Starter System,$29-$99 digital product; $199+ guided implementation
knowledge-base-automation-39,knowledge base automation,it-support,US-CA,12m,public-research,76,Long,Needs review,,knowledge base automation: Practical Starter System,$29-$99 digital product; $199+ guided implementation
creator-automation-84,creator automation,creator,US-CA,12m,public-research,76,Long,Needs review,,creator automation: Practical Starter System,$29-$99 digital product; $199+ guided implementation
youtube-automation-85,YouTube automation,creator,US-CA,12m,public-research,76,Long,Needs review,,YouTube automation: Practical Starter System,$29-$99 digital product; $199+ guided implementation
ai-agents-for-small-business-1,AI agents for small business,business,US-CA,12m,public-research,75,Long,Needs review,,AI agents for small business: Practical Starter System,$29-$99 digital product; $199+ guided implementation
ai-workflow-automation-2,AI workflow automation,business,US-CA,12m,public-research,75,Long,Needs review,,AI workflow automation: Practical Starter System,$29-$99 digital product; $199+ guided implementation
ai-customer-service-agent-16,AI customer service agent,business,US-CA,12m,public-research,75,Structural-Shift,Needs review,,AI customer service agent: Practical Starter System,$29-$99 digital product; $199+ guided implementation
ai-sales-assistant-17,AI sales assistant,business,US-CA,12m,public-research,75,Medium,Needs review,,AI sales assistant: Practical Starter System,$29-$99 digital product; $199+ guided implementation
ai-meeting-notes-automation-19,AI meeting notes automation,ai-edge,US-CA,12m,public-research,75,Long,Needs review,,AI meeting notes automation: Practical Starter System,$29-$99 digital product; $199+ guided implementation
ai-voice-agent-25,AI voice agent,business,US-CA,12m,public-research,75,Structural-Shift,Needs review,,AI voice agent: Practical Starter System,$29-$99 digital product; $199+ guided implementation
ai-onboarding-automation-29,AI onboarding automation,business,US-CA,12m,public-research,75,Long,Needs review,,AI onboarding automation: Practical Starter System,$29-$99 digital product; $199+ guided implementation
ai-document-automation-30,AI document automation,business,US-CA,12m,public-research,75,Long,Needs review,,AI document automation: Practical Starter System,$29-$99 digital product; $199+ guided implementation
zapier-ai-automation-32,Zapier AI automation,business,US-CA,12m,public-research,75,Long,Needs review,,Zapier AI automation: Practical Starter System,$29-$99 digital product; $199+ guided implementation
invoice-automation-35,invoice automation,business,US-CA,12m,public-research,75,Long,Needs review,,invoice automation: Practical Starter System,$29-$99 digital product; $199+ guided implementation
ai-help-desk-automation-41,AI help desk automation,it-support,US-CA,12m,public-research,75,Long,Needs review,,AI help desk automation: Practical Starter System,$29-$99 digital product; $199+ guided implementation
soc-automation-62,SOC automation,security,US-CA,12m,public-research,75,Long,Needs review,security_accuracy_review,SOC automation: Practical Starter System,$29-$99 digital product; $199+ guided implementation
microsoft-365-copilot-training-4,Microsoft 365 Copilot training,ai-edge,US-CA,12m,public-research,74,Long,Needs review,,Microsoft 365 Copilot training: Practical Starter System,$9-$49 intro product; validate before premium packaging
ai-phishing-protection-6,AI phishing protection,security,US-CA,12m,public-research,74,Long,Needs review,security_accuracy_review,AI phishing protection: Practical Starter System,$9-$49 intro product; validate before premium packaging
no-code-automation-7,no-code automation,business,US-CA,12m,public-research,74,Long,Needs review,,no-code automation: Practical Starter System,$9-$49 intro product; validate before premium packaging
crm-automation-34,CRM automation,business,US-CA,12m,public-research,74,Long,Needs review,,CRM automation: Practical Starter System,$9-$49 intro product; validate before premium packaging
appointment-scheduling-automation-36,appointment scheduling automation,business,US-CA,12m,public-research,74,Long,Needs review,,appointment scheduling automation: Practical Starter System,$9-$49 intro product; validate before premium packaging
sop-automation-38,SOP automation,business,US-CA,12m,public-research,74,Long,Needs review,,SOP automation: Practical Starter System,$9-$49 intro product; validate before premium packaging
ai-security-platform-61,AI security platform,security,US-CA,12m,public-research,74,Long,Needs review,security_accuracy_review,AI security platform: Practical Starter System,$9-$49 intro product; validate before premium packaging
smart-home-automation-93,smart home automation,consumer,US-CA,12m,public-research,74,Long,Needs review,,smart home automation: Practical Starter System,$9-$49 intro product; validate before premium packaging
ai-tutor-for-kids-9,AI tutor for kids,education,US-CA,12m,public-research,72,Long,Needs review,child_privacy_and_safety_review,AI tutor for kids: Practical Starter System,$9-$49 intro product; validate before premium packaging
ai-study-tools-10,AI study tools,education,US-CA,12m,public-research,71,Long,Needs review,,AI study tools: Practical Starter System,$9-$49 intro product; validate before premium packaging
ai-for-teachers-69,AI for teachers,education,US-CA,12m,public-research,71,Long,Needs review,,AI for teachers: Practical Starter System,$9-$49 intro product; validate before premium packaging
ai-lesson-plan-generator-70,AI lesson plan generator,education,US-CA,12m,public-research,71,Long,Needs review,,AI lesson plan generator: Practical Starter System,$9-$49 intro product; validate before premium packaging
ai-career-skills-72,AI career skills,education,US-CA,12m,public-research,71,Long,Needs review,,AI career skills: Practical Starter System,$9-$49 intro product; validate before premium packaging
python-for-ai-beginners-73,Python for AI beginners,education,US-CA,12m,public-research,71,Long,Needs review,,Python for AI beginners: Practical Starter System,$9-$49 intro product; validate before premium packaging
ai-productivity-training-8,AI productivity training,ai-edge,US-CA,12m,public-research,70,Structural-Shift,Needs review,,AI productivity training: Practical Starter System,$9-$49 intro product; validate before premium packaging
ai-executive-assistant-18,AI executive assistant,ai-edge,US-CA,12m,public-research,70,Medium,Needs review,,AI executive assistant: Practical Starter System,$9-$49 intro product; validate before premium packaging
ai-email-assistant-20,AI email assistant,ai-edge,US-CA,12m,public-research,70,Medium,Needs review,,AI email assistant: Practical Starter System,$9-$49 intro product; validate before premium packaging
microsoft-excel-ai-77,Microsoft Excel AI,ai-edge,US-CA,12m,public-research,70,Medium,Needs review,,Microsoft Excel AI: Practical Starter System,$9-$49 intro product; validate before premium packaging
personal-knowledge-management-ai-95,personal knowledge management AI,ai-edge,US-CA,12m,public-research,70,Medium,Needs review,,personal knowledge management AI: Practical Starter System,$9-$49 intro product; validate before premium packaging
ai-note-taking-app-96,AI note-taking app,ai-edge,US-CA,12m,public-research,70,Medium,Needs review,,AI note-taking app: Practical Starter System,$9-$49 intro product; validate before premium packaging
ai-support-copilot-42,AI support copilot,it-support,US-CA,12m,public-research,69,Medium,Needs review,,AI support copilot: Practical Starter System,$9-$49 intro product; validate before premium packaging
multi-agent-systems-13,multi-agent systems,ai-edge,US-CA,12m,public-research,68,Structural-Shift,Needs review,,multi-agent systems: Practical Starter System,$9-$49 intro product; validate before premium packaging
agentic-ai-governance-14,agentic AI governance,business,US-CA,12m,public-research,68,Structural-Shift,Needs review,,agentic AI governance: Practical Starter System,$9-$49 intro product; validate before premium packaging
ai-agent-orchestration-15,AI agent orchestration,business,US-CA,12m,public-research,68,Structural-Shift,Needs review,,AI agent orchestration: Practical Starter System,$9-$49 intro product; validate before premium packaging
outlook-troubleshooting-46,Outlook troubleshooting,it-support,US-CA,12m,public-research,68,Medium,Needs review,,Outlook troubleshooting: Practical Starter System,$9-$49 intro product; validate before premium packaging
onedrive-sync-fix-48,OneDrive sync fix,it-support,US-CA,12m,public-research,68,Medium,Needs review,,OneDrive sync fix: Practical Starter System,$9-$49 intro product; validate before premium packaging
teams-meeting-troubleshooting-49,Teams meeting troubleshooting,it-support,US-CA,12m,public-research,68,Medium,Needs review,,Teams meeting troubleshooting: Practical Starter System,$9-$49 intro product; validate before premium packaging
sharepoint-permissions-50,SharePoint permissions,it-support,US-CA,12m,public-research,68,Medium,Needs review,,SharePoint permissions: Practical Starter System,$9-$49 intro product; validate before premium packaging
microsoft-365-security-hardening-57,Microsoft 365 security hardening,security,US-CA,12m,public-research,68,Long,Needs review,security_accuracy_review,Microsoft 365 security hardening: Practical Starter System,$9-$49 intro product; validate before premium packaging
cybersecurity-awareness-training-5,cybersecurity awareness training,security,US-CA,12m,public-research,67,Long,Needs review,security_accuracy_review,cybersecurity awareness training: Practical Starter System,$9-$49 intro product; validate before premium packaging
software-patch-management-55,software patch management,security,US-CA,12m,public-research,67,Long,Needs review,security_accuracy_review,software patch management: Practical Starter System,$9-$49 intro product; validate before premium packaging
endpoint-security-for-small-business-56,endpoint security for small business,security,US-CA,12m,public-research,67,Long,Needs review,security_accuracy_review,endpoint security for small business: Practical Starter System,$9-$49 intro product; validate before premium packaging
mfa-rollout-58,MFA rollout,security,US-CA,12m,public-research,67,Long,Needs review,security_accuracy_review,MFA rollout: Practical Starter System,$9-$49 intro product; validate before premium packaging
password-manager-rollout-59,password manager rollout,security,US-CA,12m,public-research,67,Long,Needs review,security_accuracy_review,password manager rollout: Practical Starter System,$9-$49 intro product; validate before premium packaging
passkeys-for-business-60,passkeys for business,security,US-CA,12m,public-research,67,Long,Needs review,security_accuracy_review,passkeys for business: Practical Starter System,$9-$49 intro product; validate before premium packaging
ransomware-readiness-63,ransomware readiness,security,US-CA,12m,public-research,67,Long,Needs review,security_accuracy_review,ransomware readiness: Practical Starter System,$9-$49 intro product; validate before premium packaging
backup-and-recovery-plan-64,backup and recovery plan,security,US-CA,12m,public-research,67,Long,Needs review,security_accuracy_review,backup and recovery plan: Practical Starter System,$9-$49 intro product; validate before premium packaging
dmarc-setup-65,DMARC setup,security,US-CA,12m,public-research,67,Long,Needs review,security_accuracy_review,DMARC setup: Practical Starter System,$9-$49 intro product; validate before premium packaging
data-loss-prevention-66,data loss prevention,security,US-CA,12m,public-research,67,Long,Needs review,security_accuracy_review,data loss prevention: Practical Starter System,$9-$49 intro product; validate before premium packaging
zero-trust-small-business-67,zero trust small business,security,US-CA,12m,public-research,67,Long,Needs review,security_accuracy_review,zero trust small business: Practical Starter System,$9-$49 intro product; validate before premium packaging
cybersecurity-audit-checklist-68,cybersecurity audit checklist,security,US-CA,12m,public-research,67,Long,Needs review,security_accuracy_review,cybersecurity audit checklist: Practical Starter System,$9-$49 intro product; validate before premium packaging
digital-provenance-and-content-authenticity-100,digital provenance and content authenticity,security,US-CA,12m,public-research,67,Long,Needs review,security_accuracy_review,digital provenance and content authenticity: Practical Starter System,$9-$49 intro product; validate before premium packaging
ai-content-workflow-23,AI content workflow,business,US-CA,12m,public-research,63,Structural-Shift,Needs review,,AI content workflow: Practical Starter System,$9-$49 intro product; validate before premium packaging
podcast-ai-editing-86,podcast AI editing,creator,US-CA,12m,public-research,63,Medium,Needs review,,podcast AI editing: Practical Starter System,$9-$49 intro product; validate before premium packaging
social-media-content-calendar-ai-87,social media content calendar AI,creator,US-CA,12m,public-research,63,Medium,Needs review,,social media content calendar AI: Practical Starter System,$9-$49 intro product; validate before premium packaging
prompt-engineering-for-workflows-11,prompt engineering for workflows,ai-edge,US-CA,12m,public-research,62,Structural-Shift,Needs review,,prompt engineering for workflows: Practical Starter System,$9-$49 intro product; validate before premium packaging
ai-video-generator-24,AI video generator,creator,US-CA,12m,public-research,62,Medium,Needs review,,AI video generator: Practical Starter System,$9-$49 intro product; validate before premium packaging
website-chatbot-for-small-business-26,website chatbot for small business,business,US-CA,12m,public-research,62,Long,Needs review,,website chatbot for small business: Practical Starter System,$9-$49 intro product; validate before premium packaging
it-support-certification-prep-76,IT support certification prep,education,US-CA,12m,public-research,62,Long,Needs review,,IT support certification prep: Practical Starter System,$9-$49 intro product; validate before premium packaging
ai-photo-editing-80,AI photo editing,creator,US-CA,12m,public-research,62,Medium,Needs review,,AI photo editing: Practical Starter System,$9-$49 intro product; validate before premium packaging
ai-video-editing-81,AI video editing,creator,US-CA,12m,public-research,62,Medium,Needs review,,AI video editing: Practical Starter System,$9-$49 intro product; validate before premium packaging
ai-music-generator-82,AI music generator,creator,US-CA,12m,public-research,62,Medium,Needs review,,AI music generator: Practical Starter System,$9-$49 intro product; validate before premium packaging
ai-design-tools-83,AI design tools,creator,US-CA,12m,public-research,62,Medium,Needs review,,AI design tools: Practical Starter System,$9-$49 intro product; validate before premium packaging
context-engineering-12,context engineering,ai-edge,US-CA,12m,public-research,61,Medium,Needs review,,context engineering: Practical Starter System,$9-$49 intro product; validate before premium packaging
ai-search-optimization-21,AI search optimization,business,US-CA,12m,public-research,61,Medium,Needs review,,AI search optimization: Practical Starter System,$9-$49 intro product; validate before premium packaging
generative-engine-optimization-22,generative engine optimization,business,US-CA,12m,public-research,61,Medium,Needs review,,generative engine optimization: Practical Starter System,$9-$49 intro product; validate before premium packaging
ai-compliance-policy-27,AI compliance policy,business,US-CA,12m,public-research,61,Medium,Needs review,,AI compliance policy: Practical Starter System,$9-$49 intro product; validate before premium packaging
ai-employee-training-28,AI employee training,business,US-CA,12m,public-research,61,Medium,Needs review,,AI employee training: Practical Starter System,$9-$49 intro product; validate before premium packaging
ticket-triage-ai-40,ticket triage AI,it-support,US-CA,12m,public-research,61,Medium,Needs review,,ticket triage AI: Practical Starter System,$9-$49 intro product; validate before premium packaging
ai-resume-builder-78,AI resume builder,career,US-CA,12m,public-research,61,Medium,Needs review,,AI resume builder: Practical Starter System,$9-$49 intro product; validate before premium packaging
ai-interview-practice-79,AI interview practice,career,US-CA,12m,public-research,61,Medium,Needs review,,AI interview practice: Practical Starter System,$9-$49 intro product; validate before premium packaging
personal-ai-assistant-88,personal AI assistant,consumer,US-CA,12m,public-research,61,Medium,Needs review,,personal AI assistant: Practical Starter System,$9-$49 intro product; validate before premium packaging
ai-wearables-90,AI wearables,consumer,US-CA,12m,public-research,61,Medium,Needs review,,AI wearables: Practical Starter System,$9-$49 intro product; validate before premium packaging
ai-home-robot-94,AI home robot,consumer,US-CA,12m,public-research,61,Medium,Needs review,,AI home robot: Practical Starter System,$9-$49 intro product; validate before premium packaging
ai-finance-tracker-97,AI finance tracker,consumer,US-CA,12m,public-research,61,Medium,Needs review,money_or_finance_claim_review,AI finance tracker: Practical Starter System,$9-$49 intro product; validate before premium packaging
ai-travel-planner-98,AI travel planner,consumer,US-CA,12m,public-research,61,Medium,Needs review,,AI travel planner: Practical Starter System,$9-$49 intro product; validate before premium packaging
ai-native-development-platforms-99,AI-native development platforms,developer,US-CA,12m,public-research,61,Medium,Needs review,,AI-native development platforms: Practical Starter System,$9-$49 intro product; validate before premium packaging
digital-literacy-for-parents-71,digital literacy for parents,education,US-CA,12m,public-research,60,Long,Needs review,,digital literacy for parents: Practical Starter System,$9-$49 intro product; validate before premium packaging
data-analytics-beginner-74,data analytics beginner,education,US-CA,12m,public-research,60,Long,Needs review,,data analytics beginner: Practical Starter System,$9-$49 intro product; validate before premium packaging
cloud-fundamentals-75,cloud fundamentals,education,US-CA,12m,public-research,60,Long,Needs review,,cloud fundamentals: Practical Starter System,$9-$49 intro product; validate before premium packaging
ai-health-wearable-92,AI health wearable,consumer,US-CA,12m,public-research,60,Medium,Needs review,health_claim_review,AI health wearable: Practical Starter System,$9-$49 intro product; validate before premium packaging
level-1-it-support-training-43,Level 1 IT support training,it-support,US-CA,12m,public-research,42,Medium,Needs review,,Level 1 IT support training: Practical Starter System,$9-$49 intro product; validate before premium packaging
help-desk-troubleshooting-44,help desk troubleshooting,it-support,US-CA,12m,public-research,42,Medium,Needs review,,help desk troubleshooting: Practical Starter System,$9-$49 intro product; validate before premium packaging
windows-11-troubleshooting-45,Windows 11 troubleshooting,it-support,US-CA,12m,public-research,42,Medium,Needs review,,Windows 11 troubleshooting: Practical Starter System,$9-$49 intro product; validate before premium packaging
outlook-not-opening-fix-47,Outlook not opening fix,it-support,US-CA,12m,public-research,42,Medium,Needs review,,Outlook not opening fix: Practical Starter System,$9-$49 intro product; validate before premium packaging
intune-device-management-51,Intune device management,it-support,US-CA,12m,public-research,42,Medium,Needs review,,Intune device management: Practical Starter System,$9-$49 intro product; validate before premium packaging
laptop-setup-checklist-52,laptop setup checklist,it-support,US-CA,12m,public-research,42,Medium,Needs review,,laptop setup checklist: Practical Starter System,$9-$49 intro product; validate before premium packaging
printer-troubleshooting-53,printer troubleshooting,it-support,US-CA,12m,public-research,42,Medium,Needs review,,printer troubleshooting: Practical Starter System,$9-$49 intro product; validate before premium packaging
wi-fi-troubleshooting-54,Wi-Fi troubleshooting,it-support,US-CA,12m,public-research,42,Medium,Needs review,,Wi-Fi troubleshooting: Practical Starter System,$9-$49 intro product; validate before premium packaging
smart-glasses-89,smart glasses,consumer,US-CA,12m,public-research,40,Medium,Needs review,,smart glasses: Practical Starter System,$9-$49 intro product; validate before premium packaging
smart-ring-91,smart ring,consumer,US-CA,12m,public-research,40,Medium,Needs review,,smart ring: Practical Starter System,$9-$49 intro product; validate before premium packaging
