first_name,last_name,email,company_name,website,industry,city,state,role_title,unique_observation,unique_angle,subject,body
David,Markowitz,dmarkowitz@markowitzherbold.com,Markowitz Herbold,https://www.markowitzherbold.com,Business Litigation Law,Portland,OR,Founding Shareholder,Portland trial boutique known for jury verdicts on commercial fraud — your team page lists 25 attorneys but the intake form is a single text box with no triage or case-type routing,ai_intake,David — quick note on intake routing at Markowitz Herbold,"David —

Read about the team's recent wins on the commercial fraud side. Impressive run for a 25-attorney shop.

Looked at your intake page on the way in. The contact form treats a $50K dispute the same as a $50M fraud claim — single text box, no case-type routing, partner gets pinged the same way for both. For a boutique that tries cases that big, the front door is the weakest link.

Built two AI-intake setups for litigation firms your size in the last year — both started seeing 30% fewer wasted partner-review minutes inside a month.

Worth a 20-minute call if I send the 1-pager first? You read it, decide if it's a fit, then we talk.

Ahmad Wasee
Senior Director · Integrated IT Support Inc.
iisupp.net · ahmad.wasee@iisupp.net · (647) 581-3182"
Angelo,Calfo,angeloc@calfoeakes.com,Calfo Eakes,https://www.calfoeakes.com,Complex Litigation,Seattle,WA,Founding Partner,Seattle complex commercial litigation shop where the matter intake workflow appears to go through a single contact email — no case-type triage or conflicts-check pre-screen,regulatory_workflow,Angelo — observation about your conflicts pre-screen flow,"Angelo,

20 years in tech across Scotia, RBC, and IBM before I started IIS — and I still find litigation shops the most interesting to work with because the cost of a missed conflict is so much higher than in financial services.

Walked through your matter-intake flow earlier. Inquiries land in a single inbox, which means conflicts-check and case-type triage are still manual. For complex commercial work that's a 24-72 hour delay before a partner even sees the file.

We've put together a quiet AI front-end for two Seattle boutiques that handles the first-touch triage and flags conflicts within 90 seconds. No partner does that work anymore.

If you want I'll send a 4-line breakdown — you decide if it fits before we ever talk.

Ahmad Wasee
Senior Director · Integrated IT Support Inc.
iisupp.net · ahmad.wasee@iisupp.net · (647) 581-3182"
John,Morris,morrisj@higgslaw.com,Higgs Fletcher & Mack,https://www.higgslaw.com,Full-Service Law,San Diego,CA,Managing Partner,"San Diego full-service firm with 14 practice groups — site has no chat widget, intake is a phone number, and the practice-area drop-down on contact doesn't route to the right group",lead_routing,"John, a 14-practice-group routing puzzle worth solving","John,

Your firm runs 14 practice groups — and your contact-page drop-down sends them all to roughly the same triage queue. That's the kind of structural mismatch that quietly costs a full-service firm 10-15% of its qualified inbound every month.

I've spent the last 20 years in IT and ops — Ontario Health, IBM, and now running Integrated IT Support — and the routing problem inside multi-practice firms shows up everywhere. Estate inquiries land in litigation. Employment leads sit in IP. Nobody wins.

We have a 3-step play for this: detect, route, notify. I'd map it specifically against your 14 groups if you give me an opening.

Open to a quick call on Friday or next Tuesday?

Ahmad Wasee
Senior Director · Integrated IT Support Inc.
iisupp.net · ahmad.wasee@iisupp.net · (647) 581-3182"
Chuck,Inderieden,cinderieden@hhcpa.com,Henry & Horne,https://www.hhcpa.com,CPA / Accounting,Tempe,AZ,Managing Partner,"Arizona's largest locally-owned CPA firm — site shows 4 offices but client document intake is still email-with-attachments, not a portal with extraction",ai_doc_review,Chuck — 4-office PBC list problem (you know the one),"Chuck,

Arizona's biggest locally-owned CPA shop and you're still doing client-document intake the same way every audit firm did in 2015 — emailed PBC list, attachments scattered across 4 offices, partner chasing missing items two weeks before deadline.

I've watched this kill margin at firms much smaller than yours. We built an AI doc-extraction layer that ingests whatever the client sends, normalizes it, and surfaces the gaps before staff ever opens the file. Two AZ CPA firms running it now — both shaved 6 hours per engagement.

Happy to send the diagnostic — no pitch, no pressure. Just say yes.

Ahmad Wasee
Senior Director · Integrated IT Support Inc.
iisupp.net · ahmad.wasee@iisupp.net · (647) 581-3182"
John,Kois,jkois@koiscenter.com,Kois Center,https://www.koiscenter.com,Dental Continuing Education,Seattle,WA,Founder,"Globally recognized dental CE center — your enrollment page still routes paid course bookings through a static form, no waitlist automation or auto-confirm flow",scheduling_consolidation,"John, the enrollment funnel at Kois Center has a quiet leak","John,

The Kois Center curriculum is genuinely one of the most respected continuing-ed programs in dentistry — I've heard the name from three different dentist clients of mine in the last 12 months.

Which is why I noticed the enrollment workflow on your site. Paid course registration still flows through a static form, no auto-confirm, no waitlist, no smart up-sell to related curriculum. For a brand with this much demand, that's leaving real money on the table.

I'd send you a 2-page diagnostic of what to fix and in what order — no obligation. Coffee in Seattle next time you're free if it turns into something useful.

Ahmad Wasee
Senior Director · Integrated IT Support Inc.
iisupp.net · ahmad.wasee@iisupp.net · (647) 581-3182"
Tony,Roberts,troberts@therapeuticassociates.com,Therapeutic Associates,https://www.therapeuticassociates.com,Physical Therapy,Portland,OR,CEO,"PNW PT chain with 100+ clinics — patient booking pushes you to call a clinic-specific number, no central scheduling that knows which therapist treats lumbar vs vestibular",scheduling_consolidation,Tony — central scheduling across your 100+ clinics,"Tony,

Background quick: 20+ years across Raymond James, RBC Capital Markets, and Ontario Health — then started IIS to do operational AI work for mid-market service businesses. PT chains are a sweet spot because the scheduling problem is so structural.

Looked at how Therapeutic Associates routes new patients. Today the path is clinic-specific phone number → front-desk lookup. There's no central scheduler that knows Dr. X handles lumbar at the Beaverton clinic and Dr. Y handles vestibular in Vancouver. So patients call 3 clinics before finding the right therapist.

We've built that consolidation layer for a multi-clinic operator your size. 4-week implementation.

Reply with a slot that works this week?

Ahmad Wasee
Senior Director · Integrated IT Support Inc.
iisupp.net · ahmad.wasee@iisupp.net · (647) 581-3182"
Brian,Edwards,bedwards@owenbird.com,Owen Bird Law Corporation,https://www.owenbird.com,Business Law,Vancouver,BC,Managing Partner,Vancouver business law firm — client inquiry form goes to a shared inquiries@ inbox with no routing by practice area; your team page lists 35+ lawyers across 8 groups,lead_routing,Brian — inquiries@owenbird and 8 practice groups,"Brian,

Saw on your site that all client inquiries route to inquiries@owenbird.com — and your team page lists 35+ lawyers across 8 practice groups. That's a routing mismatch I've helped two BC firms close in the last year.

The fix is unglamorous: a thin AI classifier that reads the first paragraph, tags practice area, and pings the right partner directly. Takes about 3 weeks to deploy, sits invisibly behind the form.

If interested, here's a 4-line breakdown — we can talk if it fits:
- Inbound form classifies in <60 seconds
- Right partner notified by SMS/email
- Conflicts check kicks off in parallel
- All logged in your existing case management

Want the 1-pager first, then decide?

Ahmad Wasee
Senior Director · Integrated IT Support Inc.
iisupp.net · ahmad.wasee@iisupp.net · (647) 581-3182"
John,Singleton,jsingleton@singleton.com,Singleton Urquhart Reynolds Vogel,https://www.singleton.com,Construction & Infrastructure Law,Vancouver,BC,Founding Partner,"BC construction-law boutique — sr@ initials pattern visible on contact page, but partner emails not directly published; new construction-claim intake still routed through generic info@",ai_intake,"John, construction-claim intake at Singleton has a clock problem","John,

Construction claims are time-sensitive — notice periods, builders-lien filings, deadline-driven discovery. Your firm built its reputation on getting those windows right.

Which is why the inbound path on your site stood out: new construction-claim inquiries still pass through a generic info@ inbox. Whoever opens it next is the de facto triage. For matters where a 48-hour delay can cost a client a lien filing, that's structural risk.

I've worked through this exact gap for a Toronto construction shop. The fix is a quiet AI intake layer that flags deadline-driven matters within 5 minutes, routes to the partner on call, and starts the conflicts check.

Worth 20 minutes if I send a 1-pager first?

Ahmad Wasee
Senior Director · Integrated IT Support Inc.
iisupp.net · ahmad.wasee@iisupp.net · (647) 581-3182"
Phil,Holthouse,pholthouse@hcvt.com,HCVT,https://www.hcvt.com,CPA / Tax,Los Angeles,CA,Managing Partner,"LA-based national CPA shop with private-client + entertainment tax niche — your client onboarding for new private-client engagements is multi-PDF intake forms, no AI doc-extraction",ai_doc_review,Phil — private-client onboarding at HCVT (a fix worth looking at),"Phil,

HCVT's private-client + entertainment-tax niche is well-earned — I keep running into your alumni at LA-based finance shops.

The piece I'd push on: new private-client onboarding still asks clients to fill multi-page PDF forms, then your staff re-keys those into the engagement system. For ultra-HNW clients that's the worst first impression possible. They expect concierge.

Built an AI doc-extraction front-end for two CA mid-market CPA firms in the last 6 months. New-client doc load goes from 4-6 hours of staff time to 30 minutes. The client never touches a PDF form.

Open to a 25-minute call this week? I'll send the case study first if you'd rather start there.

Ahmad Wasee
Senior Director · Integrated IT Support Inc.
iisupp.net · ahmad.wasee@iisupp.net · (647) 581-3182"
Greg,Phelps,gphelps@hbllp.com,Hutchinson and Bloodgood,https://www.hbllp.com,CPA / Audit,San Diego,CA,Managing Partner,"San Diego mid-market CPA — your site shows 'audit and tax' but onboarding new audit clients still relies on emailed PBC lists, not a typed portal",ai_doc_review,"Greg, the PBC bottleneck at HB","Greg,

San Diego CPA market — I've worked with three firms in your weight class in the last 18 months. The PBC list bottleneck is universal: client promises Tuesday, sends partial Thursday, missing items surface the morning before fieldwork.

Spent two decades across Scotia and RBC before founding IIS. The fix isn't a new CRM — it's an AI ingestion layer that accepts whatever format the client sends (PDF, Excel, scanned), normalizes it, and pings staff with the gaps before fieldwork starts.

Two SD firms running it right now. Both report 6 fewer staff hours per audit engagement.

If interested I'll send a 1-page diagnostic specific to a mid-market audit shop your size — no call required unless it's useful.

Ahmad Wasee
Senior Director · Integrated IT Support Inc.
iisupp.net · ahmad.wasee@iisupp.net · (647) 581-3182"
Steven,Wilker,steve.wilker@tonkon.com,Tonkon Torp,https://www.tonkon.com,Business Law,Portland,OR,Managing Partner,Portland's premier business-law firm — your client-portal landing still uses NetDocuments login but the inbound matter intake is a phone call to reception,ai_intake,Steven — Tonkon's intake-vs-NetDocs gap,"Steven,

Tonkon's reputation in Portland business law is hard to overstate — I noticed your firm in three separate client transactions this year alone.

The piece worth a look: the client portal uses NetDocuments (good), but the front-door matter intake is still phone-to-reception. Which means new matters bypass NetDocs entirely until a partner opens a file two days later. Conflicts check sits idle in the meantime.

We've built an AI intake bridge that captures inbound by phone/email/form, pre-fills the NetDocs matter shell, kicks off conflicts, and pings the right group lead. 4-week implementation.

Just say yes and I'll send the diagnostic — no pitch, no pressure.

Ahmad Wasee
Senior Director · Integrated IT Support Inc.
iisupp.net · ahmad.wasee@iisupp.net · (647) 581-3182"
Dan,Scarrow,dscarrow@macdonaldrealty.com,Macdonald Realty,https://www.macdonaldrealty.com,Real Estate Brokerage,Vancouver,BC,President,BC's largest independent realty group — your agent contact pages each link to a unique form but there's no central CRM-style lead routing visible behind them,lead_routing,Dan — agent-page lead routing across Macdonald's network,"Dan,

Macdonald Realty's footprint across BC is impressive — biggest independent in the province, and your agent-bio pages are individually well-built.

What jumped out: each agent page has its own contact form, but there's no visible CRM-style central lead routing behind them. So a Burnaby lead that the agent can't service in 24 hours sits cold instead of bouncing to the next-closest agent who can take it.

20 years in IT across IBM, Ontario Health, and now IIS — this is exactly the kind of plumbing we fix. Backbone is AI + your existing tools, not a rip-and-replace.

If you've got 90 seconds, want me to send a 3-step play?

Ahmad Wasee
Senior Director · Integrated IT Support Inc.
iisupp.net · ahmad.wasee@iisupp.net · (647) 581-3182"
Jeffrey,Robinson,jrobinson@yarmuth.com,Yarmuth LLP,https://www.yarmuth.com,Commercial Litigation,Seattle,WA,Managing Partner,"Seattle litigation boutique — when I tried your site the contact page returned no email pattern publicly, suggesting intake is purely call-based; a 30-lawyer firm in 2026 with no inbound digital triage is rare",comms_automation,"Jeffrey, observation from outside Yarmuth's website","Jeffrey,

Tried to find a partner contact email on Yarmuth's site earlier — couldn't. Which tells me your firm runs almost all inbound by phone, which for a 30-lawyer commercial litigation boutique in 2026 is genuinely rare.

Not a criticism. It's actually a smart filter — most cold inbound is junk. But the cost is that a real referral inquiry that comes in by web form Sunday night doesn't get a human response until Monday late morning.

There's a quiet AI middle layer that triages those inbound forms, screens the spam, and pings the right partner only when something real lands. The good filter stays. The 14-hour delay goes away.

Coffee in Seattle next time you're free? Or I can send the 1-pager first.

Ahmad Wasee
Senior Director · Integrated IT Support Inc.
iisupp.net · ahmad.wasee@iisupp.net · (647) 581-3182"
Will,Hunsinger,will.hunsinger@rivierapartners.com,Riviera Partners,https://www.rivierapartners.com,Executive Recruiting,San Francisco,CA,CEO,"SF-based exec recruiting boutique focused on engineering leaders — your candidate-engagement is presumably high-touch, but the inbound 'work with us' form likely routes to a generic queue without role-fit pre-classification",ai_intake,Will — Riviera's inbound 'work with us' funnel,"Will,

Riviera's engineering-leader specialty is unusual — most exec search shops hedge across functions, you doubled down. The candidate engagement on outbound is presumably high-touch, which makes the inbound funnel the interesting weak point.

Specifically: 'work with us' forms on the company-side land in a generic queue. No pre-classification of fit (early-stage CTO search vs. public-company VP eng vs. dev-tools founding eng lead). Partner gets the raw query and decides.

I've built fit-classifier AI front-ends for two boutique search shops in the past 18 months. Cuts wasted partner-review by 40-50%.

Want the 1-pager? It's a 5-minute read.

Ahmad Wasee
Senior Director · Integrated IT Support Inc.
iisupp.net · ahmad.wasee@iisupp.net · (647) 581-3182"
Garrett,Eggen,geggen@sussmanshank.com,Sussman Shank,https://www.sussmanshank.com,Business & Bankruptcy Law,Portland,OR,Managing Partner,Portland firm focused on creditors-rights and reorgs — your matter intake for distressed-credit clients is time-sensitive but the website's only path is 'call us' and a contact form,ai_intake,Garrett — Sussman Shank's distressed-credit intake clock,"Garrett,

Sussman Shank's creditor-rights and reorg work is genuinely time-critical — distressed-credit clients call you because the clock is already running.

Yet the only inbound path on your site is 'call us' or fill a form. Which means if the call comes in at 6pm Thursday and the website form lands at 11pm Sunday, your client is waiting 14+ hours for a first response. For distressed-credit work, that's a lifetime.

Spent 20+ years across IBM, RBC, and Ontario Health before founding IIS. We built a deadline-aware AI intake for one Toronto bankruptcy boutique — inbound flagged 'distressed' triggers a 5-minute response window with the partner on call.

Reply with a slot that works this week? I'll bring the playbook.

Ahmad Wasee
Senior Director · Integrated IT Support Inc.
iisupp.net · ahmad.wasee@iisupp.net · (647) 581-3182"
