first_name,email,company_name,website,industry,city,country,specific_observation,pitch_angle,subject,body
team,info@thesamuellawfirm.com,The Samuel Law Firm,https://thesamuellawfirm.com,Law Firm,New York,USA,"intake page is a static HTML form with no calendar booking or chat widget — clients have to wait for a callback","client intake","The Samuel Law Firm — quick offer (no pitch)","team —

Saw your intake page is a static HTML form with no calendar booking or chat widget — clients have to wait for a callback.

Here's the offer:
I'll spend 30 minutes mapping where AI workflows could cut your client intake by 30-50% — using systems we built and run ourselves.

You get a 1-page diagnosis with 3 changes you can act on, even if we never speak again.

20+ years across RBC, Raymond James, Scotia, Ontario Health, IBM. ARIA platform live with 9+ production agents.

Worth a reply with one available slot this week?

Ahmad Wasee
Senior Director · Integrated IT Support Inc.
iisupp.net  ·  ahmad.wasee@iisupp.net  ·  (647) 581-3182"
team,info@fisherstonelaw.com,Fisher Stone Law,https://fisherstonelaw.com,Law Firm,New York,USA,"contact flow routes everything through a single phone number with no online booking option for consultations","client intake","Fisher Stone — 30-min map of your intake area","team —

Saw your contact flow routes everything through a single phone number with no online booking option for consultations.

Here's the offer:
I'll spend 30 minutes mapping where AI workflows could cut your client intake by 30-50% — using systems we built and run ourselves.

You get a 1-page diagnosis with 3 changes you can act on, even if we never speak again.

20+ years across RBC, Raymond James, Scotia, Ontario Health, IBM. ARIA platform live with 9+ production agents.

Worth a reply with one available slot this week?

Ahmad Wasee
Senior Director · Integrated IT Support Inc.
iisupp.net  ·  ahmad.wasee@iisupp.net  ·  (647) 581-3182"
team,info@bflawoffice.com,BF Law Office,https://bflawoffice.com,Law Firm,New York,USA,"document upload is email-only — no secure client portal listed on the engagement page","document review","BF Law Office — quick offer (no pitch)","team —

Saw your document upload is email-only — no secure client portal listed on the engagement page.

Here's the offer:
I'll spend 30 minutes mapping where AI workflows could cut your document review by 30-50% — using systems we built and run ourselves.

You get a 1-page diagnosis with 3 changes you can act on, even if we never speak again.

20+ years across RBC, Raymond James, Scotia, Ontario Health, IBM. ARIA platform live with 9+ production agents.

Worth a reply with one available slot this week?

Ahmad Wasee
Senior Director · Integrated IT Support Inc.
iisupp.net  ·  ahmad.wasee@iisupp.net  ·  (647) 581-3182"
team,info@simon-cpas.com,Simon CPAs,https://simon-cpas.com,Accounting,Boston,USA,"new client onboarding requires a phone call before any document handoff — no secure portal upload offered upfront","client intake","Simon CPAs — quick offer (no pitch)","team —

Saw your new client onboarding requires a phone call before any document handoff — no secure portal upload offered upfront.

Here's the offer:
I'll spend 30 minutes mapping where AI workflows could cut your client intake by 30-50% — using systems we built and run ourselves.

You get a 1-page diagnosis with 3 changes you can act on, even if we never speak again.

20+ years across RBC, Raymond James, Scotia, Ontario Health, IBM. ARIA platform live with 9+ production agents.

Worth a reply with one available slot this week?

Ahmad Wasee
Senior Director · Integrated IT Support Inc.
iisupp.net  ·  ahmad.wasee@iisupp.net  ·  (647) 581-3182"
team,info@rytercpa.com,Ryter & Company P.C.,https://rytercpa.com,Accounting,Boston,USA,"team page is a PHP-rendered roster (ourteam.php) — site framework predates 2018 from the file structure","document review","Ryter & Company — 30-min map of your document review area","team —

Saw your team page is a PHP-rendered roster (ourteam.php) — site framework predates 2018 from the file structure.

Here's the offer:
I'll spend 30 minutes mapping where AI workflows could cut your document review by 30-50% — using systems we built and run ourselves.

You get a 1-page diagnosis with 3 changes you can act on, even if we never speak again.

20+ years across RBC, Raymond James, Scotia, Ontario Health, IBM. ARIA platform live with 9+ production agents.

Worth a reply with one available slot this week?

Ahmad Wasee
Senior Director · Integrated IT Support Inc.
iisupp.net  ·  ahmad.wasee@iisupp.net  ·  (647) 581-3182"
team,info@richardhasseycpa.com,Richard Hassey CPA,https://richardhasseycpa.com,Accounting,Boston,USA,"consultation is request-based with no calendar embed — solo CPA practice with manual scheduling","scheduling","Richard Hassey CPA — quick offer (no pitch)","team —

Saw your consultation is request-based with no calendar embed — solo CPA practice with manual scheduling.

Here's the offer:
I'll spend 30 minutes mapping where AI workflows could cut your scheduling by 30-50% — using systems we built and run ourselves.

You get a 1-page diagnosis with 3 changes you can act on, even if we never speak again.

20+ years across RBC, Raymond James, Scotia, Ontario Health, IBM. ARIA platform live with 9+ production agents.

Worth a reply with one available slot this week?

Ahmad Wasee
Senior Director · Integrated IT Support Inc.
iisupp.net  ·  ahmad.wasee@iisupp.net  ·  (647) 581-3182"
team,info@chicagodental312.com,Chicago Dental 312,https://chicagodental312.com,Dental,Chicago,USA,"new patient form is a downloadable PDF requiring manual fill and email return — no online intake","client intake","Chicago Dental 312 — quick offer (no pitch)","team —

Saw your new patient form is a downloadable PDF requiring manual fill and email return — no online intake.

Here's the offer:
I'll spend 30 minutes mapping where AI workflows could cut your client intake by 30-50% — using systems we built and run ourselves.

You get a 1-page diagnosis with 3 changes you can act on, even if we never speak again.

20+ years across RBC, Raymond James, Scotia, Ontario Health, IBM. ARIA platform live with 9+ production agents.

Worth a reply with one available slot this week?

Ahmad Wasee
Senior Director · Integrated IT Support Inc.
iisupp.net  ·  ahmad.wasee@iisupp.net  ·  (647) 581-3182"
team,info@downtown-dental.com,Downtown Dental,https://downtown-dental.com,Dental,Chicago,USA,"two offices but a single phone line for booking — no centralized online scheduling visible","scheduling","Downtown Dental — 30-min map of your scheduling area","team —

Saw two offices but a single phone line for booking — no centralized online scheduling visible.

Here's the offer:
I'll spend 30 minutes mapping where AI workflows could cut your scheduling by 30-50% — using systems we built and run ourselves.

You get a 1-page diagnosis with 3 changes you can act on, even if we never speak again.

20+ years across RBC, Raymond James, Scotia, Ontario Health, IBM. ARIA platform live with 9+ production agents.

Worth a reply with one available slot this week?

Ahmad Wasee
Senior Director · Integrated IT Support Inc.
iisupp.net  ·  ahmad.wasee@iisupp.net  ·  (647) 581-3182"
team,info@chicagofamilydental.com,Chicago Family Dental Center,https://chicagofamilydental.com,Dental,Chicago,USA,"site loads without HTTPS-enforced subresources and patient form posts via plain HTTP fallback","client intake","Chicago Family Dental — quick offer (no pitch)","team —

Saw your site loads without HTTPS-enforced subresources and patient form posts via plain HTTP fallback.

Here's the offer:
I'll spend 30 minutes mapping where AI workflows could cut your client intake by 30-50% — using systems we built and run ourselves.

You get a 1-page diagnosis with 3 changes you can act on, even if we never speak again.

20+ years across RBC, Raymond James, Scotia, Ontario Health, IBM. ARIA platform live with 9+ production agents.

Worth a reply with one available slot this week?

Ahmad Wasee
Senior Director · Integrated IT Support Inc.
iisupp.net  ·  ahmad.wasee@iisupp.net  ·  (647) 581-3182"
team,info@frontlinesourcegroup.com,Frontline Source Group,https://frontlinesourcegroup.com,Recruiting,Austin,USA,"candidate submission still routes through a contact form rather than an ATS-integrated portal","lead routing","Frontline Source Group — quick offer (no pitch)","team —

Saw your candidate submission still routes through a contact form rather than an ATS-integrated portal.

Here's the offer:
I'll spend 30 minutes mapping where AI workflows could cut your lead routing by 30-50% — using systems we built and run ourselves.

You get a 1-page diagnosis with 3 changes you can act on, even if we never speak again.

20+ years across RBC, Raymond James, Scotia, Ontario Health, IBM. ARIA platform live with 9+ production agents.

Worth a reply with one available slot this week?

Ahmad Wasee
Senior Director · Integrated IT Support Inc.
iisupp.net  ·  ahmad.wasee@iisupp.net  ·  (647) 581-3182"
team,info@murrayresources.com,Murray Resources,https://murrayresources.com,Recruiting,Austin,USA,"job board is paginated server-side with no real-time filter — candidates must reload to refine","lead routing","Murray Resources — 30-min map of your lead routing area","team —

Saw your job board is paginated server-side with no real-time filter — candidates must reload to refine.

Here's the offer:
I'll spend 30 minutes mapping where AI workflows could cut your lead routing by 30-50% — using systems we built and run ourselves.

You get a 1-page diagnosis with 3 changes you can act on, even if we never speak again.

20+ years across RBC, Raymond James, Scotia, Ontario Health, IBM. ARIA platform live with 9+ production agents.

Worth a reply with one available slot this week?

Ahmad Wasee
Senior Director · Integrated IT Support Inc.
iisupp.net  ·  ahmad.wasee@iisupp.net  ·  (647) 581-3182"
team,info@burnettspecialists.com,Burnett Specialists,https://burnettspecialists.com,Recruiting,Austin,USA,"application uploads accept only .doc/.docx with no parsing layer — resumes get re-keyed downstream","document review","Burnett Specialists — quick offer (no pitch)","team —

Saw application uploads accept only .doc/.docx with no parsing layer — resumes get re-keyed downstream.

Here's the offer:
I'll spend 30 minutes mapping where AI workflows could cut your document review by 30-50% — using systems we built and run ourselves.

You get a 1-page diagnosis with 3 changes you can act on, even if we never speak again.

20+ years across RBC, Raymond James, Scotia, Ontario Health, IBM. ARIA platform live with 9+ production agents.

Worth a reply with one available slot this week?

Ahmad Wasee
Senior Director · Integrated IT Support Inc.
iisupp.net  ·  ahmad.wasee@iisupp.net  ·  (647) 581-3182"
team,info@losangelespropertymanagementgroup.com,Los Angeles Property Management Group,https://losangelespropertymanagementgroup.com,Property Management,Los Angeles,USA,"maintenance request flow is a tenant form that emails a single inbox — no triage layer or auto-routing","vendor coordination","LAPMG — 30-min map of your vendor coordination area","team —

Saw maintenance request flow is a tenant form that emails a single inbox — no triage layer or auto-routing.

Here's the offer:
I'll spend 30 minutes mapping where AI workflows could cut your vendor coordination by 30-50% — using systems we built and run ourselves.

You get a 1-page diagnosis with 3 changes you can act on, even if we never speak again.

20+ years across RBC, Raymond James, Scotia, Ontario Health, IBM. ARIA platform live with 9+ production agents.

Worth a reply with one available slot this week?

Ahmad Wasee
Senior Director · Integrated IT Support Inc.
iisupp.net  ·  ahmad.wasee@iisupp.net  ·  (647) 581-3182"
team,info@powerpropertymanagement.com,Power Property Management,https://powerpropertymanagement.com,Property Management,Los Angeles,USA,"owner portal and tenant portal are separate logins with no unified workflow — duplicate data entry visible","vendor coordination","Power Property Management — quick offer (no pitch)","team —

Saw owner portal and tenant portal are separate logins with no unified workflow — duplicate data entry visible.

Here's the offer:
I'll spend 30 minutes mapping where AI workflows could cut your vendor coordination by 30-50% — using systems we built and run ourselves.

You get a 1-page diagnosis with 3 changes you can act on, even if we never speak again.

20+ years across RBC, Raymond James, Scotia, Ontario Health, IBM. ARIA platform live with 9+ production agents.

Worth a reply with one available slot this week?

Ahmad Wasee
Senior Director · Integrated IT Support Inc.
iisupp.net  ·  ahmad.wasee@iisupp.net  ·  (647) 581-3182"
team,info@lbpm.com,LBPM,https://lbpm.com,Property Management,Los Angeles,USA,"30+ year firm but contact flow still relies on phone callbacks for owner onboarding — no automated intake","client intake","LBPM — 30-min map of your client intake area","team —

Saw 30+ year firm but contact flow still relies on phone callbacks for owner onboarding — no automated intake.

Here's the offer:
I'll spend 30 minutes mapping where AI workflows could cut your client intake by 30-50% — using systems we built and run ourselves.

You get a 1-page diagnosis with 3 changes you can act on, even if we never speak again.

20+ years across RBC, Raymond James, Scotia, Ontario Health, IBM. ARIA platform live with 9+ production agents.

Worth a reply with one available slot this week?

Ahmad Wasee
Senior Director · Integrated IT Support Inc.
iisupp.net  ·  ahmad.wasee@iisupp.net  ·  (647) 581-3182"
team,info@atlantasmiles.com,Atlanta Smiles,https://atlantasmiles.com,Dental,Atlanta,USA,"established 1999 — appointment booking still routes through a request form rather than live calendar","scheduling","Atlanta Smiles — quick offer (no pitch)","team —

Saw established 1999 — appointment booking still routes through a request form rather than live calendar.

Here's the offer:
I'll spend 30 minutes mapping where AI workflows could cut your scheduling by 30-50% — using systems we built and run ourselves.

You get a 1-page diagnosis with 3 changes you can act on, even if we never speak again.

20+ years across RBC, Raymond James, Scotia, Ontario Health, IBM. ARIA platform live with 9+ production agents.

Worth a reply with one available slot this week?

Ahmad Wasee
Senior Director · Integrated IT Support Inc.
iisupp.net  ·  ahmad.wasee@iisupp.net  ·  (647) 581-3182"
team,info@miamicosmeticdentalcare.com,Miami Cosmetic Dental Care,https://miamicosmeticdentalcare.com,Dental,Miami,USA,"consultation requests funnel through a single phone line — no chat widget or async intake captured","client intake","Miami Cosmetic Dental — 30-min map of your client intake area","team —

Saw consultation requests funnel through a single phone line — no chat widget or async intake captured.

Here's the offer:
I'll spend 30 minutes mapping where AI workflows could cut your client intake by 30-50% — using systems we built and run ourselves.

You get a 1-page diagnosis with 3 changes you can act on, even if we never speak again.

20+ years across RBC, Raymond James, Scotia, Ontario Health, IBM. ARIA platform live with 9+ production agents.

Worth a reply with one available slot this week?

Ahmad Wasee
Senior Director · Integrated IT Support Inc.
iisupp.net  ·  ahmad.wasee@iisupp.net  ·  (647) 581-3182"
team,info@lihlaw.com,L.I.H. Law,https://immigrationlawseattle.com,Law Firm,Seattle,USA,"20+ years exclusive immigration practice but document collection happens via email attachments — no portal","document review","L.I.H. Law — quick offer (no pitch)","team —

Saw 20+ years exclusive immigration practice but document collection happens via email attachments — no portal.

Here's the offer:
I'll spend 30 minutes mapping where AI workflows could cut your document review by 30-50% — using systems we built and run ourselves.

You get a 1-page diagnosis with 3 changes you can act on, even if we never speak again.

20+ years across RBC, Raymond James, Scotia, Ontario Health, IBM. ARIA platform live with 9+ production agents.

Worth a reply with one available slot this week?

Ahmad Wasee
Senior Director · Integrated IT Support Inc.
iisupp.net  ·  ahmad.wasee@iisupp.net  ·  (647) 581-3182"
team,info@libertadlaw.com,Libertad Law Group PLLC,https://libertadlaw.com,Law Firm,Seattle,USA,"solo-founder firm since 2014 — intake is a contact form that emails a single inbox, no triage logic","client intake","Libertad Law Group — 30-min map of your client intake area","team —

Saw solo-founder firm since 2014 — intake is a contact form that emails a single inbox, no triage logic.

Here's the offer:
I'll spend 30 minutes mapping where AI workflows could cut your client intake by 30-50% — using systems we built and run ourselves.

You get a 1-page diagnosis with 3 changes you can act on, even if we never speak again.

20+ years across RBC, Raymond James, Scotia, Ontario Health, IBM. ARIA platform live with 9+ production agents.

Worth a reply with one available slot this week?

Ahmad Wasee
Senior Director · Integrated IT Support Inc.
iisupp.net  ·  ahmad.wasee@iisupp.net  ·  (647) 581-3182"
team,info@safeharborcpa.com,Safe Harbor CPA,https://safeharborcpa.com,Accounting,San Francisco,USA,"startup-focused CPA but document handoff is email-based — no Drive/portal integration listed","document review","Safe Harbor CPA — quick offer (no pitch)","team —

Saw startup-focused CPA but document handoff is email-based — no Drive/portal integration listed.

Here's the offer:
I'll spend 30 minutes mapping where AI workflows could cut your document review by 30-50% — using systems we built and run ourselves.

You get a 1-page diagnosis with 3 changes you can act on, even if we never speak again.

20+ years across RBC, Raymond James, Scotia, Ontario Health, IBM. ARIA platform live with 9+ production agents.

Worth a reply with one available slot this week?

Ahmad Wasee
Senior Director · Integrated IT Support Inc.
iisupp.net  ·  ahmad.wasee@iisupp.net  ·  (647) 581-3182"
team,info@berkeley.legal,Berkeley Legal,https://berkeley.legal,Law Firm,London,UK,"boutique Mayfair firm — engagement still routes through email/phone, no client portal advertised","client intake","Berkeley Legal — quick offer (no pitch)","team —

Saw boutique Mayfair firm — engagement still routes through email/phone, no client portal advertised.

Here's the offer:
I'll spend 30 minutes mapping where AI workflows could cut your client intake by 30-50% — using systems we built and run ourselves.

You get a 1-page diagnosis with 3 changes you can act on, even if we never speak again.

20+ years across RBC, Raymond James, Scotia, Ontario Health, IBM. ARIA platform live with 9+ production agents.

Worth a reply with one available slot this week?

Ahmad Wasee
Senior Director · Integrated IT Support Inc.
iisupp.net  ·  ahmad.wasee@iisupp.net  ·  (647) 581-3182"
team,info@otssolicitors.co.uk,OTS Solicitors,https://otssolicitors.co.uk,Law Firm,London,UK,"City of London firm — case enquiry form posts to an inbox with no acknowledgement automation","client intake","OTS Solicitors — 30-min map of your client intake area","team —

Saw City of London firm — case enquiry form posts to an inbox with no acknowledgement automation.

Here's the offer:
I'll spend 30 minutes mapping where AI workflows could cut your client intake by 30-50% — using systems we built and run ourselves.

You get a 1-page diagnosis with 3 changes you can act on, even if we never speak again.

20+ years across RBC, Raymond James, Scotia, Ontario Health, IBM. ARIA platform live with 9+ production agents.

Worth a reply with one available slot this week?

Ahmad Wasee
Senior Director · Integrated IT Support Inc.
iisupp.net  ·  ahmad.wasee@iisupp.net  ·  (647) 581-3182"
team,info@rslaw.co.uk,Raymond Saul Solicitors,https://rslaw.co.uk,Law Firm,London,UK,"boutique City firm serving startups to multinationals — single contact form, no segmented intake","client intake","Raymond Saul — quick offer (no pitch)","team —

Saw boutique City firm serving startups to multinationals — single contact form, no segmented intake.

Here's the offer:
I'll spend 30 minutes mapping where AI workflows could cut your client intake by 30-50% — using systems we built and run ourselves.

You get a 1-page diagnosis with 3 changes you can act on, even if we never speak again.

20+ years across RBC, Raymond James, Scotia, Ontario Health, IBM. ARIA platform live with 9+ production agents.

Worth a reply with one available slot this week?

Ahmad Wasee
Senior Director · Integrated IT Support Inc.
iisupp.net  ·  ahmad.wasee@iisupp.net  ·  (647) 581-3182"
team,info@accotax.co.uk,Accotax,https://accotax.co.uk,Accounting,London,UK,"serves Tech/Fintech/E-commerce but no client portal advertised — onboarding still via email","client intake","Accotax — 30-min map of your client intake area","team —

Saw serves Tech/Fintech/E-commerce but no client portal advertised — onboarding still via email.

Here's the offer:
I'll spend 30 minutes mapping where AI workflows could cut your client intake by 30-50% — using systems we built and run ourselves.

You get a 1-page diagnosis with 3 changes you can act on, even if we never speak again.

20+ years across RBC, Raymond James, Scotia, Ontario Health, IBM. ARIA platform live with 9+ production agents.

Worth a reply with one available slot this week?

Ahmad Wasee
Senior Director · Integrated IT Support Inc.
iisupp.net  ·  ahmad.wasee@iisupp.net  ·  (647) 581-3182"
team,info@chacc.co.uk,Clear House Accountants,https://chacc.co.uk,Accounting,London,UK,"medium-sized firm — quotes still require a manual call rather than instant pricing config","client intake","Clear House Accountants — quick offer (no pitch)","team —

Saw medium-sized firm — quotes still require a manual call rather than instant pricing config.

Here's the offer:
I'll spend 30 minutes mapping where AI workflows could cut your client intake by 30-50% — using systems we built and run ourselves.

You get a 1-page diagnosis with 3 changes you can act on, even if we never speak again.

20+ years across RBC, Raymond James, Scotia, Ontario Health, IBM. ARIA platform live with 9+ production agents.

Worth a reply with one available slot this week?

Ahmad Wasee
Senior Director · Integrated IT Support Inc.
iisupp.net  ·  ahmad.wasee@iisupp.net  ·  (647) 581-3182"
team,info@jpropertymanagement.co.uk,J Property Management,https://jpropertymanagement.co.uk,Property Management,London,UK,"small dedicated team but maintenance and owner reporting are both manual email flows","vendor coordination","J Property Management — 30-min map of your vendor coordination area","team —

Saw small dedicated team but maintenance and owner reporting are both manual email flows.

Here's the offer:
I'll spend 30 minutes mapping where AI workflows could cut your vendor coordination by 30-50% — using systems we built and run ourselves.

You get a 1-page diagnosis with 3 changes you can act on, even if we never speak again.

20+ years across RBC, Raymond James, Scotia, Ontario Health, IBM. ARIA platform live with 9+ production agents.

Worth a reply with one available slot this week?

Ahmad Wasee
Senior Director · Integrated IT Support Inc.
iisupp.net  ·  ahmad.wasee@iisupp.net  ·  (647) 581-3182"
team,info@gorepropertymanagement.com,Gore Property Management,https://gorepropertymanagement.com,Property Management,London,UK,"established 2012 but tenant maintenance still routes through a contact form to a shared inbox","vendor coordination","Gore Property Management — quick offer (no pitch)","team —

Saw established 2012 but tenant maintenance still routes through a contact form to a shared inbox.

Here's the offer:
I'll spend 30 minutes mapping where AI workflows could cut your vendor coordination by 30-50% — using systems we built and run ourselves.

You get a 1-page diagnosis with 3 changes you can act on, even if we never speak again.

20+ years across RBC, Raymond James, Scotia, Ontario Health, IBM. ARIA platform live with 9+ production agents.

Worth a reply with one available slot this week?

Ahmad Wasee
Senior Director · Integrated IT Support Inc.
iisupp.net  ·  ahmad.wasee@iisupp.net  ·  (647) 581-3182"
team,info@manage-my-property.co.uk,Manage My Property,https://manage-my-property.co.uk,Property Management,London,UK,"director and PM are landlords themselves — high-touch model with no automated tenant communications layer","vendor coordination","Manage My Property — 30-min map of your vendor coordination area","team —

Saw director and PM are landlords themselves — high-touch model with no automated tenant communications layer.

Here's the offer:
I'll spend 30 minutes mapping where AI workflows could cut your vendor coordination by 30-50% — using systems we built and run ourselves.

You get a 1-page diagnosis with 3 changes you can act on, even if we never speak again.

20+ years across RBC, Raymond James, Scotia, Ontario Health, IBM. ARIA platform live with 9+ production agents.

Worth a reply with one available slot this week?

Ahmad Wasee
Senior Director · Integrated IT Support Inc.
iisupp.net  ·  ahmad.wasee@iisupp.net  ·  (647) 581-3182"
team,info@skaccountants.com,SK Accountants,https://skaccountants.com,Accounting,Manchester,UK,"contact page is a plain enquiry form — no live booking or chatbot for new client questions","scheduling","SK Accountants — quick offer (no pitch)","team —

Saw contact page is a plain enquiry form — no live booking or chatbot for new client questions.

Here's the offer:
I'll spend 30 minutes mapping where AI workflows could cut your scheduling by 30-50% — using systems we built and run ourselves.

You get a 1-page diagnosis with 3 changes you can act on, even if we never speak again.

20+ years across RBC, Raymond James, Scotia, Ontario Health, IBM. ARIA platform live with 9+ production agents.

Worth a reply with one available slot this week?

Ahmad Wasee
Senior Director · Integrated IT Support Inc.
iisupp.net  ·  ahmad.wasee@iisupp.net  ·  (647) 581-3182"
team,info@aminandcoaccountants.co.uk,Amin & Co Accountants,https://aminandcoaccountants.co.uk,Accounting,Manchester,UK,"independent SMB-focused practice — tax return intake is email-based with no document portal","document review","Amin & Co — 30-min map of your document review area","team —

Saw independent SMB-focused practice — tax return intake is email-based with no document portal.

Here's the offer:
I'll spend 30 minutes mapping where AI workflows could cut your document review by 30-50% — using systems we built and run ourselves.

You get a 1-page diagnosis with 3 changes you can act on, even if we never speak again.

20+ years across RBC, Raymond James, Scotia, Ontario Health, IBM. ARIA platform live with 9+ production agents.

Worth a reply with one available slot this week?

Ahmad Wasee
Senior Director · Integrated IT Support Inc.
iisupp.net  ·  ahmad.wasee@iisupp.net  ·  (647) 581-3182"
team,info@lumbviewaccounts.co.uk,Lumbview Accounts,https://lumbviewaccounts.co.uk,Accounting,Manchester,UK,"trading since March 2007 — site copyright and design suggest stack hasn't been refreshed recently","client intake","Lumbview Accounts — quick offer (no pitch)","team —

Saw trading since March 2007 — site copyright and design suggest stack hasn't been refreshed recently.

Here's the offer:
I'll spend 30 minutes mapping where AI workflows could cut your client intake by 30-50% — using systems we built and run ourselves.

You get a 1-page diagnosis with 3 changes you can act on, even if we never speak again.

20+ years across RBC, Raymond James, Scotia, Ontario Health, IBM. ARIA platform live with 9+ production agents.

Worth a reply with one available slot this week?

Ahmad Wasee
Senior Director · Integrated IT Support Inc.
iisupp.net  ·  ahmad.wasee@iisupp.net  ·  (647) 581-3182"
team,info@accountingsolutionsmcr.co.uk,Accounting Solutions Manchester,https://accountingsolutionsmcr.co.uk,Accounting,Manchester,UK,"20+ years of practice but new client onboarding is a phone-call-first flow with no portal","client intake","Accounting Solutions Manchester — 30-min map of your client intake area","team —

Saw 20+ years of practice but new client onboarding is a phone-call-first flow with no portal.

Here's the offer:
I'll spend 30 minutes mapping where AI workflows could cut your client intake by 30-50% — using systems we built and run ourselves.

You get a 1-page diagnosis with 3 changes you can act on, even if we never speak again.

20+ years across RBC, Raymond James, Scotia, Ontario Health, IBM. ARIA platform live with 9+ production agents.

Worth a reply with one available slot this week?

Ahmad Wasee
Senior Director · Integrated IT Support Inc.
iisupp.net  ·  ahmad.wasee@iisupp.net  ·  (647) 581-3182"
team,info@stjohnsdentalpractice.com,St Johns Dental Practice,https://stjohnsdentalpractice.com,Dental,Birmingham,UK,"city-centre private practice — booking still requires a phone call rather than online calendar","scheduling","St Johns Dental — quick offer (no pitch)","team —

Saw city-centre private practice — booking still requires a phone call rather than online calendar.

Here's the offer:
I'll spend 30 minutes mapping where AI workflows could cut your scheduling by 30-50% — using systems we built and run ourselves.

You get a 1-page diagnosis with 3 changes you can act on, even if we never speak again.

20+ years across RBC, Raymond James, Scotia, Ontario Health, IBM. ARIA platform live with 9+ production agents.

Worth a reply with one available slot this week?

Ahmad Wasee
Senior Director · Integrated IT Support Inc.
iisupp.net  ·  ahmad.wasee@iisupp.net  ·  (647) 581-3182"
team,info@bpidental.co.uk,BPI Dental,https://bpidental.co.uk,Dental,Birmingham,UK,"referral practice — referral handoff from GDPs appears to be email/paper-based, no referrer portal","client intake","BPI Dental — 30-min map of your client intake area","team —

Saw referral practice — referral handoff from GDPs appears to be email/paper-based, no referrer portal.

Here's the offer:
I'll spend 30 minutes mapping where AI workflows could cut your client intake by 30-50% — using systems we built and run ourselves.

You get a 1-page diagnosis with 3 changes you can act on, even if we never speak again.

20+ years across RBC, Raymond James, Scotia, Ontario Health, IBM. ARIA platform live with 9+ production agents.

Worth a reply with one available slot this week?

Ahmad Wasee
Senior Director · Integrated IT Support Inc.
iisupp.net  ·  ahmad.wasee@iisupp.net  ·  (647) 581-3182"
team,info@hawkinsdentalcare.co.uk,Hawkins Dental & Implant Clinic,https://hawkinsdentalcare.co.uk,Dental,Birmingham,UK,"40+ year practice — implant consult requires a phone call instead of an instant pricing/booking flow","scheduling","Hawkins Dental — quick offer (no pitch)","team —

Saw 40+ year practice — implant consult requires a phone call instead of an instant pricing/booking flow.

Here's the offer:
I'll spend 30 minutes mapping where AI workflows could cut your scheduling by 30-50% — using systems we built and run ourselves.

You get a 1-page diagnosis with 3 changes you can act on, even if we never speak again.

20+ years across RBC, Raymond James, Scotia, Ontario Health, IBM. ARIA platform live with 9+ production agents.

Worth a reply with one available slot this week?

Ahmad Wasee
Senior Director · Integrated IT Support Inc.
iisupp.net  ·  ahmad.wasee@iisupp.net  ·  (647) 581-3182"
team,info@theedinburghrecruitmentagency.co.uk,The Edinburgh Recruitment Agency,https://theedinburghrecruitmentagency.co.uk,Recruiting,Edinburgh,UK,"single mobile contact number for all candidate enquiries — SME-focused but manual lead handling","lead routing","Edinburgh Recruitment Agency — quick offer (no pitch)","team —

Saw single mobile contact number for all candidate enquiries — SME-focused but manual lead handling.

Here's the offer:
I'll spend 30 minutes mapping where AI workflows could cut your lead routing by 30-50% — using systems we built and run ourselves.

You get a 1-page diagnosis with 3 changes you can act on, even if we never speak again.

20+ years across RBC, Raymond James, Scotia, Ontario Health, IBM. ARIA platform live with 9+ production agents.

Worth a reply with one available slot this week?

Ahmad Wasee
Senior Director · Integrated IT Support Inc.
iisupp.net  ·  ahmad.wasee@iisupp.net  ·  (647) 581-3182"
team,info@edenscott.com,Eden Scott,https://edenscott.com,Recruiting,Edinburgh,UK,"three-office Scotland firm — candidate uploads route through a basic form, no parsing or AI screening","document review","Eden Scott — 30-min map of your document review area","team —

Saw three-office Scotland firm — candidate uploads route through a basic form, no parsing or AI screening.

Here's the offer:
I'll spend 30 minutes mapping where AI workflows could cut your document review by 30-50% — using systems we built and run ourselves.

You get a 1-page diagnosis with 3 changes you can act on, even if we never speak again.

20+ years across RBC, Raymond James, Scotia, Ontario Health, IBM. ARIA platform live with 9+ production agents.

Worth a reply with one available slot this week?

Ahmad Wasee
Senior Director · Integrated IT Support Inc.
iisupp.net  ·  ahmad.wasee@iisupp.net  ·  (647) 581-3182"
team,info@jarvisking.com,Jarvis King,https://jarvisking.com,Recruiting,Edinburgh,UK,"construction/engineering specialist — candidate intake is a static form with no automated screening","lead routing","Jarvis King — 30-min map of your lead routing area","team —

Saw construction/engineering specialist — candidate intake is a static form with no automated screening.

Here's the offer:
I'll spend 30 minutes mapping where AI workflows could cut your lead routing by 30-50% — using systems we built and run ourselves.

You get a 1-page diagnosis with 3 changes you can act on, even if we never speak again.

20+ years across RBC, Raymond James, Scotia, Ontario Health, IBM. ARIA platform live with 9+ production agents.

Worth a reply with one available slot this week?

Ahmad Wasee
Senior Director · Integrated IT Support Inc.
iisupp.net  ·  ahmad.wasee@iisupp.net  ·  (647) 581-3182"
team,info@davidsoncolaw.com,Davidson & Co,https://davidsoncolaw.com,Law Firm,Dubai,UAE,"boutique DIFC firm since 2008 — engagement still funnels through email/phone with no client portal","client intake","Davidson & Co — quick offer (no pitch)","team —

Saw boutique DIFC firm since 2008 — engagement still funnels through email/phone with no client portal.

Here's the offer:
I'll spend 30 minutes mapping where AI workflows could cut your client intake by 30-50% — using systems we built and run ourselves.

You get a 1-page diagnosis with 3 changes you can act on, even if we never speak again.

Open to MENA region work — comfortable with GMT+4 business hours.

20+ years across RBC, Raymond James, Scotia, Ontario Health, IBM. ARIA platform live with 9+ production agents.

Worth a reply with one available slot this week?

Ahmad Wasee
Senior Director · Integrated IT Support Inc.
iisupp.net  ·  ahmad.wasee@iisupp.net  ·  (647) 581-3182"
team,info@kbh.ae,KBH Limited,https://kbh.ae,Law Firm,Dubai,UAE,"DIFC-based boutique with Bahrain/Kuwait reach — single enquiry form for all jurisdictions, no triage","client intake","KBH Limited — 30-min map of your client intake area","team —

Saw DIFC-based boutique with Bahrain/Kuwait reach — single enquiry form for all jurisdictions, no triage.

Here's the offer:
I'll spend 30 minutes mapping where AI workflows could cut your client intake by 30-50% — using systems we built and run ourselves.

You get a 1-page diagnosis with 3 changes you can act on, even if we never speak again.

Open to MENA region work — comfortable with GMT+4 business hours.

20+ years across RBC, Raymond James, Scotia, Ontario Health, IBM. ARIA platform live with 9+ production agents.

Worth a reply with one available slot this week?

Ahmad Wasee
Senior Director · Integrated IT Support Inc.
iisupp.net  ·  ahmad.wasee@iisupp.net  ·  (647) 581-3182"
team,info@alsuwaidi.ae,Alsuwaidi & Company,https://alsuwaidi.ae,Law Firm,Dubai,UAE,"established Dubai firm — corporate enquiries collected via a generic contact form with no segmentation","client intake","Alsuwaidi & Company — quick offer (no pitch)","team —

Saw established Dubai firm — corporate enquiries collected via a generic contact form with no segmentation.

Here's the offer:
I'll spend 30 minutes mapping where AI workflows could cut your client intake by 30-50% — using systems we built and run ourselves.

You get a 1-page diagnosis with 3 changes you can act on, even if we never speak again.

Open to MENA region work — comfortable with GMT+4 business hours.

20+ years across RBC, Raymond James, Scotia, Ontario Health, IBM. ARIA platform live with 9+ production agents.

Worth a reply with one available slot this week?

Ahmad Wasee
Senior Director · Integrated IT Support Inc.
iisupp.net  ·  ahmad.wasee@iisupp.net  ·  (647) 581-3182"
team,info@kgrnaudit.com,KGRN Accountant Firm,https://kgrnaudit.com,Accounting,Dubai,UAE,"audit + VAT + payroll bundle — quote requests handled through manual phone/email rather than instant pricing","payroll handoff","KGRN — 30-min map of your payroll handoff area","team —

Saw audit + VAT + payroll bundle — quote requests handled through manual phone/email rather than instant pricing.

Here's the offer:
I'll spend 30 minutes mapping where AI workflows could cut your payroll handoff by 30-50% — using systems we built and run ourselves.

You get a 1-page diagnosis with 3 changes you can act on, even if we never speak again.

Open to MENA region work — comfortable with GMT+4 business hours.

20+ years across RBC, Raymond James, Scotia, Ontario Health, IBM. ARIA platform live with 9+ production agents.

Worth a reply with one available slot this week?

Ahmad Wasee
Senior Director · Integrated IT Support Inc.
iisupp.net  ·  ahmad.wasee@iisupp.net  ·  (647) 581-3182"
team,info@aaconsultancy.ae,A&A Associate,https://aaconsultancy.ae,Accounting,Dubai,UAE,"audit + advisory bundle but onboarding documents go via email — no secure VAT/payroll portal","document review","A&A Associate — quick offer (no pitch)","team —

Saw audit + advisory bundle but onboarding documents go via email — no secure VAT/payroll portal.

Here's the offer:
I'll spend 30 minutes mapping where AI workflows could cut your document review by 30-50% — using systems we built and run ourselves.

You get a 1-page diagnosis with 3 changes you can act on, even if we never speak again.

Open to MENA region work — comfortable with GMT+4 business hours.

20+ years across RBC, Raymond James, Scotia, Ontario Health, IBM. ARIA platform live with 9+ production agents.

Worth a reply with one available slot this week?

Ahmad Wasee
Senior Director · Integrated IT Support Inc.
iisupp.net  ·  ahmad.wasee@iisupp.net  ·  (647) 581-3182"
team,info@spectrumaccounts.com,Spectrum Accounts,https://spectrumaccounts.com,Accounting,Dubai,UAE,"three-emirate coverage (Dubai/AD/Sharjah) but a single contact form serves all locations","client intake","Spectrum Accounts — 30-min map of your client intake area","team —

Saw three-emirate coverage (Dubai/AD/Sharjah) but a single contact form serves all locations.

Here's the offer:
I'll spend 30 minutes mapping where AI workflows could cut your client intake by 30-50% — using systems we built and run ourselves.

You get a 1-page diagnosis with 3 changes you can act on, even if we never speak again.

Open to MENA region work — comfortable with GMT+4 business hours.

20+ years across RBC, Raymond James, Scotia, Ontario Health, IBM. ARIA platform live with 9+ production agents.

Worth a reply with one available slot this week?

Ahmad Wasee
Senior Director · Integrated IT Support Inc.
iisupp.net  ·  ahmad.wasee@iisupp.net  ·  (647) 581-3182"
team,info@nrdoshi.ae,NR Doshi & Partners,https://nrdoshi.ae,Accounting,Abu Dhabi,UAE,"customised audit/tax/VAT advisory — scoping still happens via meeting requests rather than instant quote","scheduling","NR Doshi — quick offer (no pitch)","team —

Saw customised audit/tax/VAT advisory — scoping still happens via meeting requests rather than instant quote.

Here's the offer:
I'll spend 30 minutes mapping where AI workflows could cut your scheduling by 30-50% — using systems we built and run ourselves.

You get a 1-page diagnosis with 3 changes you can act on, even if we never speak again.

Open to MENA region work — comfortable with GMT+4 business hours.

20+ years across RBC, Raymond James, Scotia, Ontario Health, IBM. ARIA platform live with 9+ production agents.

Worth a reply with one available slot this week?

Ahmad Wasee
Senior Director · Integrated IT Support Inc.
iisupp.net  ·  ahmad.wasee@iisupp.net  ·  (647) 581-3182"
team,info@hausandhaus.com,Haus & Haus,https://hausandhaus.com,Real Estate,Dubai,UAE,"10+ years in Dubai market — enquiries on listings still email through a generic form, no chat triage","lead routing","Haus & Haus — quick offer (no pitch)","team —

Saw 10+ years in Dubai market — enquiries on listings still email through a generic form, no chat triage.

Here's the offer:
I'll spend 30 minutes mapping where AI workflows could cut your lead routing by 30-50% — using systems we built and run ourselves.

You get a 1-page diagnosis with 3 changes you can act on, even if we never speak again.

Open to MENA region work — comfortable with GMT+4 business hours.

20+ years across RBC, Raymond James, Scotia, Ontario Health, IBM. ARIA platform live with 9+ production agents.

Worth a reply with one available slot this week?

Ahmad Wasee
Senior Director · Integrated IT Support Inc.
iisupp.net  ·  ahmad.wasee@iisupp.net  ·  (647) 581-3182"
team,info@exclusive-links.com,Exclusive Links Real Estate,https://exclusive-links.com,Real Estate,Dubai,UAE,"established broker — viewing requests collected via a contact form rather than calendar self-booking","scheduling","Exclusive Links — 30-min map of your scheduling area","team —

Saw established broker — viewing requests collected via a contact form rather than calendar self-booking.

Here's the offer:
I'll spend 30 minutes mapping where AI workflows could cut your scheduling by 30-50% — using systems we built and run ourselves.

You get a 1-page diagnosis with 3 changes you can act on, even if we never speak again.

Open to MENA region work — comfortable with GMT+4 business hours.

20+ years across RBC, Raymond James, Scotia, Ontario Health, IBM. ARIA platform live with 9+ production agents.

Worth a reply with one available slot this week?

Ahmad Wasee
Senior Director · Integrated IT Support Inc.
iisupp.net  ·  ahmad.wasee@iisupp.net  ·  (647) 581-3182"
team,info@whiteandcogroup.com,White & Co Real Estate,https://whiteandcogroup.com,Real Estate,Dubai,UAE,"fast-growing brokerage but agent assignment from web leads appears manual, no auto round-robin","lead routing","White & Co — quick offer (no pitch)","team —

Saw fast-growing brokerage but agent assignment from web leads appears manual, no auto round-robin.

Here's the offer:
I'll spend 30 minutes mapping where AI workflows could cut your lead routing by 30-50% — using systems we built and run ourselves.

You get a 1-page diagnosis with 3 changes you can act on, even if we never speak again.

Open to MENA region work — comfortable with GMT+4 business hours.

20+ years across RBC, Raymond James, Scotia, Ontario Health, IBM. ARIA platform live with 9+ production agents.

Worth a reply with one available slot this week?

Ahmad Wasee
Senior Director · Integrated IT Support Inc.
iisupp.net  ·  ahmad.wasee@iisupp.net  ·  (647) 581-3182"
team,info@therealtordubai.com,TheRealtorDubai Real Estate Brokerage,https://therealtordubai.com,Real Estate,Dubai,UAE,"caters to HNW investors but enquiries route through a generic web form with no segmentation","lead routing","TheRealtorDubai — 30-min map of your lead routing area","team —

Saw caters to HNW investors but enquiries route through a generic web form with no segmentation.

Here's the offer:
I'll spend 30 minutes mapping where AI workflows could cut your lead routing by 30-50% — using systems we built and run ourselves.

You get a 1-page diagnosis with 3 changes you can act on, even if we never speak again.

Open to MENA region work — comfortable with GMT+4 business hours.

20+ years across RBC, Raymond James, Scotia, Ontario Health, IBM. ARIA platform live with 9+ production agents.

Worth a reply with one available slot this week?

Ahmad Wasee
Senior Director · Integrated IT Support Inc.
iisupp.net  ·  ahmad.wasee@iisupp.net  ·  (647) 581-3182"
team,info@drhc.ae,Dubai Royal Healthcare Centre,https://drhc.ae,Healthcare,Dubai,UAE,"Dubai Healthcare City clinic — appointments still require phone confirmation, no calendar self-serve","scheduling","DRHC — quick offer (no pitch)","team —

Saw Dubai Healthcare City clinic — appointments still require phone confirmation, no calendar self-serve.

Here's the offer:
I'll spend 30 minutes mapping where AI workflows could cut your scheduling by 30-50% — using systems we built and run ourselves.

You get a 1-page diagnosis with 3 changes you can act on, even if we never speak again.

Open to MENA region work — comfortable with GMT+4 business hours.

20+ years across RBC, Raymond James, Scotia, Ontario Health, IBM. ARIA platform live with 9+ production agents.

Worth a reply with one available slot this week?

Ahmad Wasee
Senior Director · Integrated IT Support Inc.
iisupp.net  ·  ahmad.wasee@iisupp.net  ·  (647) 581-3182"
team,info@canadiancmc.com,Canadian Medical Center Abu Dhabi,https://canadiancmc.com,Healthcare,Abu Dhabi,UAE,"multi-specialty clinic — booking requires phone/email rather than per-specialist online slots","scheduling","Canadian Medical Center — 30-min map of your scheduling area","team —

Saw multi-specialty clinic — booking requires phone/email rather than per-specialist online slots.

Here's the offer:
I'll spend 30 minutes mapping where AI workflows could cut your scheduling by 30-50% — using systems we built and run ourselves.

You get a 1-page diagnosis with 3 changes you can act on, even if we never speak again.

Open to MENA region work — comfortable with GMT+4 business hours.

20+ years across RBC, Raymond James, Scotia, Ontario Health, IBM. ARIA platform live with 9+ production agents.

Worth a reply with one available slot this week?

Ahmad Wasee
Senior Director · Integrated IT Support Inc.
iisupp.net  ·  ahmad.wasee@iisupp.net  ·  (647) 581-3182"
team,info@mackenziejones.com,Mackenzie Jones,https://mackenziejones.com,Recruiting,Dubai,UAE,"multi-vertical recruiter — CV uploads route through a single inbox with no AI screening layer","document review","Mackenzie Jones — quick offer (no pitch)","team —

Saw multi-vertical recruiter — CV uploads route through a single inbox with no AI screening layer.

Here's the offer:
I'll spend 30 minutes mapping where AI workflows could cut your document review by 30-50% — using systems we built and run ourselves.

You get a 1-page diagnosis with 3 changes you can act on, even if we never speak again.

Open to MENA region work — comfortable with GMT+4 business hours.

20+ years across RBC, Raymond James, Scotia, Ontario Health, IBM. ARIA platform live with 9+ production agents.

Worth a reply with one available slot this week?

Ahmad Wasee
Senior Director · Integrated IT Support Inc.
iisupp.net  ·  ahmad.wasee@iisupp.net  ·  (647) 581-3182"
team,info@caliberly.com,Caliberly,https://caliberly.com,Recruiting,Dubai,UAE,"headhunting boutique — candidate submissions still pass through a basic web form, no real-time screening","lead routing","Caliberly — 30-min map of your lead routing area","team —

Saw headhunting boutique — candidate submissions still pass through a basic web form, no real-time screening.

Here's the offer:
I'll spend 30 minutes mapping where AI workflows could cut your lead routing by 30-50% — using systems we built and run ourselves.

You get a 1-page diagnosis with 3 changes you can act on, even if we never speak again.

Open to MENA region work — comfortable with GMT+4 business hours.

20+ years across RBC, Raymond James, Scotia, Ontario Health, IBM. ARIA platform live with 9+ production agents.

Worth a reply with one available slot this week?

Ahmad Wasee
Senior Director · Integrated IT Support Inc.
iisupp.net  ·  ahmad.wasee@iisupp.net  ·  (647) 581-3182"
team,info@robbertmurray.com,Robbert Murray & Associates,https://robbertmurray.com,Recruiting,Dubai,UAE,"established Dubai recruiter — enquiry form is the only intake, no live chat or qualification automation","client intake","Robbert Murray — quick offer (no pitch)","team —

Saw established Dubai recruiter — enquiry form is the only intake, no live chat or qualification automation.

Here's the offer:
I'll spend 30 minutes mapping where AI workflows could cut your client intake by 30-50% — using systems we built and run ourselves.

You get a 1-page diagnosis with 3 changes you can act on, even if we never speak again.

Open to MENA region work — comfortable with GMT+4 business hours.

20+ years across RBC, Raymond James, Scotia, Ontario Health, IBM. ARIA platform live with 9+ production agents.

Worth a reply with one available slot this week?

Ahmad Wasee
Senior Director · Integrated IT Support Inc.
iisupp.net  ·  ahmad.wasee@iisupp.net  ·  (647) 581-3182"
