company,segment,locations,hq_city,website,has_website,known_software,known_contact,known_title,variant,personalization_hook,priority,notes
MB2 Dental,DSO,800+ affiliated practices nationwide (heavy DFW),Carrollton TX,https://mb2dental.com,TRUE,Dentrix/Eaglesoft,Dr. Chris Steven Villanueva,CEO & Founder,A.1,$2.344B KKR debt facility (2024) fueling rapid expansion; need IT Infrastructure Manager-style overflow,P1,Target IT Infrastructure Manager or VP Operations not CEO
Apex Dental Partners,DSO,50+ affiliated practices across 8 states,"Dallas TX (15660 Dallas Pkwy Ste 925)",https://apexdp.com,TRUE,Mixed PMS,Michael Fooshée,Chief Clinical Operations Officer,A.1,Inc 5000 honoree 2025; 5 new affiliations in 6 weeks late 2024 - scaling pain real,P1,Target VP Operations or IT Director
Eagle Dental Management,DSO,Multiple TX practices,Dallas TX,https://eagledentalmanagement.com,TRUE,Dentrix likely,Unknown,Operations Director,A.1,Dallas-based DSO - test message early,P2,Smaller DSO - faster decision cycle
Allied OMS,DSO (oral surgery),Multi-state (TX/CA),Southlake TX,https://alliedoms.com,TRUE,Likely PracticeWorks or DSN,Unknown,COO or IT Director,A.1,Recent expansion to Dallas/FW/SA/Houston/Austin - growth pain,P1,Specialized OMS PMS is technical differentiator
One Dental Group,DSO,10 DFW locations,Arlington TX,https://1dentalgrouptx.com,TRUE,Unknown,Unknown,Operations Manager,A.1,10 locations across Arlington Denton Little Elm Dallas - mid-market sweet spot,P1,Right size for IIS - large enough to need real IT smaller than enterprise
Beacon Oral Specialists,DSO (MSO),130+ oral surgeons / 100 locations / 11 states,DFW presence,https://beaconos.com,TRUE,DSN/Carestream,Unknown,IT Director,A.1,Founded 2020 - rapid scaling means IT infrastructure debt likely,P2,Larger org - longer sales cycle
Smile Doctors,DSO (orthodontics),400+ practices nationwide,Tyler TX (DFW heavy),https://smiledoctors.com,TRUE,topsOrtho/Cloud9Ortho,Unknown,IT Director,A.1,Orthodontics-specific PMS is differentiator,P2,National - sales cycle longer
CareNow Urgent Care,Urgent care chain,225+ nationwide / 50 DFW,Lewisville TX (HCA-owned),https://carenow.com,TRUE,Cerner/Epic likely,Unknown,IT Director / Practice Admin,A.2,Just absorbed CommunityMed practices Feb 2026 - integration pain,P3,Enterprise-owned (HCA) - long sales cycle deprioritize
CityDoc Urgent Care,Urgent care chain,4 DFW locations,Dallas TX,https://citydoc.net,TRUE,eClinicalWorks likely,Unknown,Practice Administrator / Owner,A.2,Right-size 4-location chain - mid-market sweet spot,P1,Test target - reachable decision-maker
Integra Urgent Care,Urgent care chain,3 DFW locations (Las Colinas Weatherford Grand Prairie),Las Colinas TX,https://integrauc.com,TRUE,Athena/eClinicalWorks,Unknown,Owner/Medical Director,A.2,Compact 3-location footprint - owner likely accessible,P1,Strong P1 target - small enough for direct conversation
AFC Urgent Care,Urgent care chain,Multiple DFW locations,Franchise (regional ops),https://afcurgentcare.com,TRUE,eClinicalWorks,Unknown,Regional Operations Director,A.2,Franchise model - regional ops director ideal target,P2,Find specific franchisee owner per location
Lifeline Urgent Care,Urgent care chain,DFW + 100mi radius (virtual+),DFW,https://lifelineurgentcare.org,TRUE,Telemedicine stack,Unknown,Practice Administrator,A.2,Hybrid telemedicine model - IT-dependent business,P2,High IT dependency = high pain
TotalCare,Urgent care + ER,Multiple DFW,DFW,https://totalcare.us,TRUE,Cerner likely,Unknown,COO / IT Director,A.2,24/7 ER + UC hybrid - high IT uptime needs,P1,Uptime is existential for them
Integrity Urgent Care,Urgent care chain,Multiple,TX,https://integrityuc.com,TRUE,Athena likely,Unknown,Practice Administrator,A.2,Multi-location TX chain,P2,Reachable mid-market target
DuWest,Commercial real estate (merger),Multiple TX offices (Dallas/San Antonio/Houston/Austin),Dallas TX,https://duwest.com,TRUE,Office 365 + CRE-specific (CoStar/REALM),Unknown,COO / IT Director,A.3,Brand-new merger May 2026 - IT integration pain is acute and immediate,P1,Time-sensitive - reach out within 30 days of merger announcement
Bradford Commercial Real Estate,Commercial real estate,Multi-office DFW,Dallas TX,https://bradford.com,TRUE,Office 365 + CRE stack,Unknown,IT Director / Office Manager,A.3,Established DFW player,P2,Standard mid-market real estate IT need
Kane Russell Coleman Logan PC,Law firm,3 offices (Dallas/Houston/Austin),Dallas TX,https://krcl.com,TRUE,iManage/NetDocuments likely,Unknown,IT Director,A.3,Full-service firm Fortune 500 client base - high IT expectations,P2,Larger firms have internal IT - position as overflow
Dykema (Dallas),Law firm,National multi-office,Dallas TX,https://dykema.com,TRUE,Enterprise legal tech stack,Unknown,Dallas Office Manager / IT Liaison,A.3,Large national firm - position as supplemental support,P3,Enterprise - long cycle deprioritize
Griffith Jay & Michel,Law firm,Multi-office Fort Worth,Fort Worth TX,Unknown,UNKNOWN,iManage likely,Unknown,Managing Partner / Office Manager,A.3,Verify website during enrichment,P2,Boutique firm - direct partner access
Bellinger & Suberg LLP,Law firm,Dallas,Dallas TX,Unknown,UNKNOWN,iManage likely,Unknown,Managing Partner,A.3,Verify website during enrichment,P2,Boutique - direct conversation
Brown Proctor & Howell LLP,Law firm,Fort Worth,Fort Worth TX,Unknown,UNKNOWN,Unknown,Unknown,Managing Partner,A.3,Verify website during enrichment,P2,Boutique - direct conversation
