first_name,last_name,title,company,city,vertical,email,email_confidence,website,subject,observation,draft_status,send_status
Jonathon,Davidson,Founding Partner,Davidson & Co,Dubai,Law firm,jdavidson@davidsoncolaw.com,published,davidsoncolaw.com,"Jonathon — small thing on the Davidson & Co site","Header ""Enquire"" mailto is the unedited theme placeholder mailto:webmaster@example.com; ""Find out more"" buttons route to a leftover /davidson-wpnew/ staging path",created,HELD
Mohammed,Al Dahbashi,Managing Partner,ADG Legal,Dubai,Law firm,mad@adglegal.com,published,adglegal.com,"Mohammed — one of your team emails is bouncing","Associate Reem Obaid's email published as rog@adglega.com (domain missing the ""l"") — silent live bounce on the contact page",created,HELD
Ziad,Salloum,Managing Partner,Salloum & Partners LLC,Abu Dhabi,Law firm,saleco@salloum.law,generic,salloum.law,"Ziad — quick observation on the Salloum & Partners site","Homepage ships unedited ""Lorem ipsum"" in two live sections; 15+ lawyers route to a single shared saleco@ inbox",created,HELD
Shoeb,Saher,Founder / Principal Lawyer,Economic Law Partners,Sharjah,Law firm,shoeb@shoebsaher.com,published,shoebsaher.com,"Shoeb — two small fixes on your site","Footer copyright frozen at ""© 2019""; HTTPS page loads logo and hero over plain http:// (mixed-content warning)",created,HELD
James,Mathew,CEO & Managing Partner,UHY James Chartered Accountants,Abu Dhabi,Audit & accounting,enquiry@uhy-ae.com,generic,uhy-ae.com,"James — how clients are reaching UHY (or not)","All leadership-page emails obfuscated behind Cloudflare email-protection; only channels are a quote form and one WhatsApp shared across 5 UAE offices",created,HELD
Balaram,Vuchidi,Founder & CEO,Spectrum Auditing,Dubai,Audit & accounting,info@spectrumaccounts.com,generic,spectrumaccounts.com,"Balaram — your contact links are crossed","Email fields render the obfuscated ""[email protected]"" placeholder; tel: links mis-wired — Dubai email and Abu Dhabi phone both resolve to the India number",created,HELD
Hussain,Al Shemsi,Chairman & Founding Partner,Hussain Al Shemsi Chartered Accountants,Sharjah,Audit & accounting,info@hussainalshemsi.ae,generic,hussainalshemsi.ae,"Hussain — a thought on client document handling","Multi-branch firm with named partners routes entirely to one shared info@ inbox and a single mobile; no secure client document portal",created,HELD
Sameh,Botran,CEO,Al Shemoukh Real Estate,Sharjah,Real estate brokerage,info@alshemoukhrealestate.com,generic,alshemoukhrealestate.com,"Sameh — the testimonials on your site aren't yours","Unscrubbed WordPress demo content — testimonials show placeholder people (""Roy Bennett, Company Inc."") and Lorem ipsum; property cards mix English titles with Arabic-only location strings",created,HELD
Tarek,Elzeny,Founder & CEO,Rose Island Real Estate,Abu Dhabi,Real estate brokerage,info@roseislandre.com,generic,roseislandre.com,"Tarek — a typo in your search filter","Homepage Location dropdown lists a duplicate malformed ""Abu Dhab1"" (digit 1) above the correct ""Abu Dhabi"" — free-hand geo data, no validation",created,HELD
Hind,Jouini,Managing Director & Founder,Real Choice Real Estate,Dubai,Real estate brokerage,hind@dubaifirsthome.com,inferred,dubaifirsthome.com,"Hind — your whole inventory sits on one account","Property Finder profile (264 active listings) attributes nearly all page-1 listings to a single agent account — inventory funneled through one personal login",created,HELD
Ajay,Juneja,Founder & Owner,New York Dental Clinic,Dubai,Private healthcare/dental,info@nydcdubai.com,generic,nydcdubai.com,"Ajay — patients can't actually book online","Only appointment path is a callback form plus WhatsApp — no real-time online booking; single info@ inbox despite the named founder",created,HELD
Rekha,Bipin,Medical Director (Founder),Rekha Dental Center,Sharjah,Private healthcare/dental,care@rekhasdentalcare.com,generic,rekhasdentalcare.com,"Rekha — your booking buttons don't book","""Book an Appointment"" buttons throughout, but each ends at a WhatsApp link rather than real scheduling; single shared care@ inbox despite 7+ specialists",created,HELD
Louise,Vine,Managing Director,Inspire Selection,Dubai,Recruiting/staffing,info@inspireselection.com,generic,inspireselection.com,"Louise — some unfinished text is live on your site","Live CMS placeholders — Lorem ipsum, a heading reading ""do we need this text header?"", five empty ""Sector Title"" cards; job portal on a disconnected subdomain",created,HELD
Malik,Melhem,Group CEO,Reach Group,Abu Dhabi,Recruiting/staffing,info@reachgroup.ae,generic,reachgroup.ae,"Malik — six brands, one inbox","Six subsidiaries each on its own domain share a single info@ inbox with no per-division routing; candidate CV intake bounces to a different domain (reaches.ae)",created,HELD
Naim,Maadad,Chief Executive & Founder,Gates Hospitality,Dubai,Hospitality group,info@gateshospitality.com,generic,gateshospitality.com,"Naim — the front door for six venues is one plain form","Only email hidden behind Cloudflare obfuscation; sole inbound channel an unbranded 3-field form with no CRM, reservation, or booking integration for a six-venue group",created,HELD
