index,date,status,recipient_email,first_name,organization_name,market,draft_id
0,2026-05-21,drafted,lindsey@stephenslaw.com,Lindsey,"Stephens Law Firm, PLLC",DFW-Law,r-6390993062563209170
1,2026-05-21,drafted,sroark@rawson-law.com,Stephanie,"Rawson Law, PLLC",DFW-Law,r6059796569721804275
2,2026-05-21,drafted,bcalhoun@cbsattorneys.com,Brian,"Calhoun, Bhella & Sechrest, LLP",DFW-Law,r-2228869135924268430
3,2026-05-21,drafted,amy.quiroga@lawboss.com,Amy,"Uvalle Law Firm,PLLC",DFW-Law,r-2440003229319283967
4,2026-05-21,drafted,poneal@mcdonaldlawfirm.com,Patrick,McDonald Law Firm,DFW-Law,r-2526639088577520068
5,2026-05-21,drafted,scottie@scottfrenkel.com,Scott,Frenkel & Frenkel,DFW-Law,r-9094622347664494455
6,2026-05-21,drafted,ashokouhi@mccathernlaw.com,Arnold,McCathern,DFW-Law,r-9166467339784575465
7,2026-05-21,drafted,john.findley@ryanlawyers.com,John,"Ryan Law Firm, PLLC",DFW-Law,r-4406543399227138682
8,2026-05-21,drafted,jhunter@theblumfirm.com,John,"The Blum Firm, P.C.",DFW-Law,r-5684931305019994065
9,2026-05-21,drafted,krc@cm.law,Kelly,CM Law,DFW-Law,r-1006439846367111907
10,2026-05-21,drafted,jconner@cbsattorneys.com,Jim,"Calhoun, Bhella & Sechrest, LLP",DFW-Law,r-1570014609322917437
11,2026-05-21,drafted,robin@ondafamilylaw.com,Robin,"Orsinger, Nelson, Downing & Anderson, LLP",DFW-Law,r-7928988244102029314
12,2026-05-21,drafted,mike.reece@kellyhart.com,Michael,Kelly Hart & Hallman LLP,DFW-Law,r1591276939496941288
13,2026-05-21,drafted,greg@ondafamilylaw.com,Greg,"Orsinger, Nelson, Downing & Anderson, LLP",DFW-Law,r-6776925189554592756
14,2026-05-21,drafted,ccicala@cbsattorneys.com,Cris,"Calhoun, Bhella & Sechrest, LLP",DFW-Law,r-5802301956296623015
15,2026-05-21,drafted,alan.adkins@sgptrial.com,Alan,"Simon Greenstone Panatier, PC",DFW-Law,r5506271476153103419
16,2026-05-21,drafted,tsheaks@mccathernlaw.com,Ty,McCathern,DFW-Law,r5502510888675127891
17,2026-05-21,drafted,acook@stewartlawgrp.com,Andrea,Stewart Law Group PLLC,DFW-Law,r-8793318727491845718
18,2026-05-21,drafted,dawn@fightingelderabuse.com,Dawn,"Smith Clinesmith, LLP",DFW-Law,r6539978065685896668
19,2026-05-21,drafted,todd@owlawyers.com,Todd,OWLawyers Trial Law,DFW-Law,r-8847537484900093002
20,2026-05-21,drafted,betty@frenkelfirm.com,Betty,Frenkel & Frenkel,DFW-Law,r-4496052570351611033
21,2026-05-21,drafted,rdrinnon@mccathernlaw.com,Rodney,McCathern,DFW-Law,r145101628270274106
22,2026-05-21,drafted,jason@frenkelfirm.com,Jason,Frenkel & Frenkel,DFW-Law,r-1276301353465764954
23,2026-05-21,drafted,marcus@leinartlaw.com,Marcus,Leinart Law Firm,DFW-Law,r9106757055570009115
24,2026-05-21,drafted,ddubey@bushlawgrp.com,Dushyant,Bush and Bush Law Group,DFW-Law,r-5019920485868106808
25,2026-05-21,drafted,astewart@stewartlawgrp.com,Amy,Stewart Law Group PLLC,DFW-Law,r-4630060193916977649
26,2026-05-21,drafted,wcobb@cobbmartinez.com,Bill,Cobb Martinez Woodward PLLC,DFW-Law,r-3387706603228038952
27,2026-05-21,drafted,rbyrne@ekvallbyrne.com,Rick,"Ekvall & Byrne, LLP",DFW-Law,r-5264332069076006673
28,2026-05-21,drafted,jcjohnson@dorsettjohnson.com,JC,Dorsett Johnson & Cisneros,DFW-Law,r-8808405655210146172
29,2026-05-21,drafted,bill.davidoff@figdav.com,Bill,"Figari + Davenport, LLP",DFW-Law,r1489685472930579836
30,2026-05-21,drafted,bramirez@gbafamilylaw.com,Brie,Goranson Bain Ausley,DFW-Law,r-8179382853632194573
31,2026-05-21,drafted,kvela@velawood.com,Kevin,Vela Wood,DFW-Law,r7992625007776668519
32,2026-05-21,drafted,conrad.hester@vhh.law,Conrad,Vartabedian Katz Hester & Haynes LLP,DFW-Law,r7016018629398821320
33,2026-05-21,drafted,bwilliams@sgpblaw.com,Brandy,"Simon Greenstone Panatier, PC",DFW-Law,r2920962744467440297
34,2026-05-21,drafted,gamme@krcl.com,Greg,Kane Russell Coleman Logan PC,DFW-Law,r-1713375065241268883
35,2026-05-21,drafted,tmerkin@wegmanpartners.com,Todd,Wegman Partners,DFW-Law,r1126896684712130721
36,2026-05-21,drafted,cventura@condontobin.com,Cindy,Condon Tobin Sladek Sparks Nerenberg PLLC,DFW-Law,r-5593284325844011885
37,2026-05-21,drafted,kriley@mayerllp.com,Kevin,Mayer LLP,DFW-Law,r-4164779273841453747
38,2026-05-21,drafted,dkeene@dehay.com,Diana,DeHay & Elliston,DFW-Law,r-2431215299580616527
39,2026-05-21,drafted,wayne.gordon@tbjbs.com,Wayne,"TOUCHSTONE, BERNAYS, JOHNSTON, BEALL, SMITH & STOLLENWERCK, L.L.P.",DFW-Law,r-5914333118955501528
40,2026-05-21,drafted,yana@bayimmigrationlaw.com,Yana,Bay Immigration Law,DFW-Law,r-4112504800416986380
41,2026-05-21,drafted,msmith@mccathernlaw.com,Morgan,McCathern,DFW-Law,r630238949761048246
42,2026-05-21,drafted,ron.johnson@tbjbs.com,Ron,"TOUCHSTONE, BERNAYS, JOHNSTON, BEALL, SMITH & STOLLENWERCK, L.L.P.",DFW-Law,r-8234098272195948990
43,2026-05-21,drafted,david@owlawyers.com,David,OWLawyers Trial Law,DFW-Law,r-1290959087432391558
44,2026-05-21,drafted,krachel@dorsettjohnson.com,Kasey,Dorsett Johnson & Cisneros,DFW-Law,r-72774180055459351
45,2026-05-21,drafted,wmunck@munckwilson.com,William,Munck Wilson Mandala LLP,DFW-Law,r7531186034361234334
46,2026-05-21,drafted,carolina@andersoninjurylaw.com,Carolina,Anderson Injury Lawyers,DFW-Law,r516626710600585536
47,2026-05-21,drafted,bfisher@mayerllp.com,Brian,Mayer LLP,DFW-Law,r8046978957165091479
48,2026-05-21,drafted,lgallegos@reyeslaw.com,Luis,Angel Reyes & Associates,DFW-Law,r-2810236848225602519
49,2026-05-21,drafted,vwilliams@belaw.com,Vickie,"Brackett & Ellis, P.C.",DFW-Law,r-5553347748961997961
50,2026-05-21,drafted,kfrantel@mayerllp.com,Karen,Mayer LLP,DFW-Law,r2324183530606990410
51,2026-05-21,drafted,rrickman@mayerllp.com,Rob,Mayer LLP,DFW-Law,r-5869467755467447485
52,2026-05-21,drafted,ccarter@cobbmartinez.com,Cecilia,Cobb Martinez Woodward PLLC,DFW-Law,r-7633467162295959081
53,2026-05-21,drafted,jsanders@mayerllp.com,Joyce,Mayer LLP,DFW-Law,r-6913936110058375216
54,2026-05-21,drafted,lstarrett@fbfk.law,Starrett,FBFK Law,DFW-Law,r2846548457966096328
55,2026-05-21,drafted,rthompson@triallawyers.com,Ryan,Thompson Law,DFW-Law,r7669098789271046889
56,2026-05-21,drafted,dwhite@munckwilson.com,David,Munck Wilson Mandala LLP,DFW-Law,r-2605529333150469079
57,2026-05-21,drafted,gabby@andersoninjurylaw.com,Gabriela,Anderson Injury Lawyers,DFW-Law,r-6087647381633058767
58,2026-05-21,drafted,mneary@wegmans.com,George,Wegman Partners,DFW-Law,r-4660446411340244779
59,2026-05-21,drafted,andrea@fedemploymentlaw.com,Andrea,"The Devadoss Law Firm, P.L.L.C.",DFW-Law,r1669800040975419181
60,2026-05-21,drafted,ecarrie@shieldslegal.com,Ellen,Shields Legal Group,DFW-Law,r820911830223617971
61,2026-05-21,drafted,pburkhalter@morganweisbrod.com,Paul,"Morgan & Weisbrod, LLP",DFW-Law,r-2295173490350363625
62,2026-05-21,drafted,cjohnston@travelingcoaches.com,Chad,Traveling Coaches,DFW-Law,r5101980851383313463
63,2026-05-21,drafted,jrussell@slatermatsil.com,Julie,"Slater Matsil, LLP",DFW-Law,r4387342094557527871
64,2026-05-21,drafted,andrea.scott@solidcounsel.com,Andrea,"Scheef & Stone, LLP",DFW-Law,r1014343377743655740
65,2026-05-21,drafted,cdutton@sgpblaw.com,Christi,"Simon Greenstone Panatier, PC",DFW-Law,r3242732994115694526
66,2026-05-21,drafted,jcain@munckwilson.com,John,Munck Wilson Mandala LLP,DFW-Law,r8263560096755056275
67,2026-05-21,drafted,ghecker@munckwilson.com,Gary,Munck Wilson Mandala LLP,DFW-Law,r4505216590022684388
68,2026-05-21,drafted,shamlin@kaktxlaw.com,Susan,"Kershaw Anderson King, PLLC",DFW-Law,r8400035712372525933
69,2026-05-21,drafted,kent.jordan@centerbase.com,Kent,Centerbase,DFW-Law,r-1580023866240096647
70,2026-05-21,drafted,ssaul@kesslercollins.com,Stockton,"Kessler Collins, P.C.",DFW-Law,r-6865582046997891695
71,2026-05-21,drafted,teresa@d-elaw.com,Teresa,Duffee + Eitzen,DFW-Law,r-8379463601380725673
72,2026-05-21,drafted,bnewby@canteyhanger.com,Brian,Cantey Hanger LLP,DFW-Law,r5053971370184377566
73,2026-05-21,drafted,jmueller@vernerbrumley.com,Jim,Mueller Family Law Group,DFW-Law,r-5430305269303926616
74,2026-05-21,drafted,apatel@psbplaw.com,Anish,PSBP Law,DFW-Law,r5230169346516342317
75,2026-05-21,drafted,dchandler@martinfinancialgroup.com,Debbe,Martin Financial Group,DFW-Law,r-410685309747687857
76,2026-05-21,drafted,rob.wills@wickphillips.com,Rob,Wick Phillips,DFW-Law,r6013100977034621403
77,2026-05-21,drafted,tfriedland@fbfk.law,Todd,FBFK Law,DFW-Law,r-110736439724867144
78,2026-05-21,drafted,thigier@higierallen.com,Tom,"Higier Allen & Lautin, P.C.",DFW-Law,r-5020509961540471599
79,2026-05-21,drafted,twoods@higierallen.com,Tim,"Higier Allen & Lautin, P.C.",DFW-Law,r-7196759157087406851
80,2026-05-21,drafted,gmendoza@reyeslaw.com,Gladys,Angel Reyes & Associates,DFW-Law,r6777995602712267315
81,2026-05-21,drafted,adavidson@munsch.com,Amy,"Munsch Hardt Kopf & Harr, P.C.",DFW-Law,r-2263265265253554536
82,2026-05-21,drafted,cwilson@weramp.com,Cindy,Advanced MedAesthetic Partners,DFW-Law,r-363653709061588574
83,2026-05-21,drafted,klaquay@munckwilson.com,Kate,Munck Wilson Mandala LLP,DFW-Law,r-3393603610879984572
84,2026-05-21,drafted,deelee@mckoolsmith.com,Dee,McKool Smith,DFW-Law,r-5609501364228116725
85,2026-05-21,drafted,sboldrick@griffithdavison.com,Susan,"Griffith Davison, P.C.",DFW-Law,r-6989277620649550503
86,2026-05-21,drafted,dhelms@nationaltitlegroup.com,Danny,National Title Group,DFW-Law,r3539130404050310303
87,2026-05-21,drafted,sanglin@smithanglin.com,Steve,Smith Anglin Financial,DFW-Law,r-6796649361303931236
88,2026-05-21,drafted,llorente@procollect.com,Lesley,"ProCollect, Inc.",DFW-Law,r2059687895774103710
89,2026-05-21,drafted,mlatin@ccsb.com,Monica,"Carrington, Coleman, Sloman & Blumenthal, LLP",DFW-Law,r-8401563037230386546
90,2026-05-21,drafted,wpollock@smithanglin.com,Weston,Smith Anglin Financial,DFW-Law,r1210380305151864046
91,2026-05-21,drafted,fblackard@mcclure-lawgroup.com,Francesca,McClure Law Group,DFW-Law,r4082843510907471699
92,2026-05-21,drafted,dcharest@burnscharest.com,Daniel,Burns Charest LLP,DFW-Law,r4376287572397451370
93,2026-05-21,drafted,wburns@burnscharest.com,Warren,Burns Charest LLP,DFW-Law,r-2692521054683451377
94,2026-05-21,drafted,clott@smithanglin.com,Chris,Smith Anglin Financial,DFW-Law,r-5197214397082161804
95,2026-05-21,drafted,ebramer@bvagroup.com,Erica,BVA Group,DFW-Law,r7972637042893817750
96,2026-05-21,drafted,danield@savillecpa.com,Daniel,Saville CPAs & Advisors,DFW-Law,r2642837994151827523
97,2026-05-21,drafted,dhavel@foresitecre.com,Donna,Foresite Commercial Real Estate®️,TX-RealEstate,r3556036459564890736
98,2026-05-21,drafted,briebel@arcremgmt.com,Bryan,ARC Real Estate Management,TX-RealEstate,r-4970872988285065567
99,2026-05-21,drafted,jwhittemore@endeavor-re.com,Jenny,Endeavor Real Estate Group,TX-RealEstate,r3185174229395710158
100,2026-05-21,drafted,chad@cornerstoneaspen.com,Chad,Cornerstone Property Management,TX-RealEstate,r5258521091756782216
101,2026-05-21,drafted,ashlee@z3realestate.us,Ashlee,Z3 Real Estate,TX-RealEstate,r8311114973316774072
102,2026-05-21,drafted,roberth@dakotaprop.com,Robert,Dakota Enterprises LLC,TX-RealEstate,r-1520646030038856190
103,2026-05-21,drafted,ben.christian@affiniuscapital.com,Benjamin,USAA Real Estate,TX-RealEstate,r-7040152534178087265
104,2026-05-21,drafted,hoover@dhrp.us,Michael,"DHRP | DH Realty Partners, Inc.",TX-RealEstate,r-4760661601610682037
105,2026-05-21,drafted,kwood@ascensioncre.com,Kyle,Ascension Multifamily,TX-RealEstate,r4933452756049268687
106,2026-05-21,drafted,dave@practicerealestategroup.com,Dave,The Practice Companies - Real Estate & Practice Sales,TX-RealEstate,r7919522390914149801
107,2026-05-21,drafted,sfriedensohn@triten.com,Sharon,Triten Real Estate Partners,TX-RealEstate,r-199229705898110851
108,2026-05-21,drafted,lmoreland@griffinpartners.com,Lee,Griffin Partners Inc.,TX-RealEstate,r2014190629804578921
109,2026-05-21,drafted,peter.mclaughlin@affiniuscapital.com,Peter,Affinius Capital,TX-RealEstate,r851139331611041595
110,2026-05-21,drafted,dave@silverstarreit.com,David,"Silver Star Properties REIT, Inc.",TX-RealEstate,r2534013328284966587
111,2026-05-21,drafted,jcampos@hpitx.com,Jorge,HPI Real Estate Services & Investments,TX-RealEstate,r4607669196856278179
112,2026-05-21,drafted,joe.pucillo@marketing.offerd.com,Joe,Offerd,TX-RealEstate,r7551810695290375132
113,2026-05-21,drafted,gjennings@hpitx.com,George,HPI Real Estate Services & Investments,TX-RealEstate,r-8412979325305667607
114,2026-05-21,drafted,jneal@hpitx.com,Jake,HPI Real Estate Services & Investments,TX-RealEstate,r2368979036897188998
115,2026-05-21,drafted,tgrafton@hpitx.com,Thomas,HPI Real Estate Services & Investments,TX-RealEstate,r-6225898017793167266
116,2026-05-21,drafted,ccasper@hpitx.com,Casey,HPI Real Estate Services & Investments,TX-RealEstate,r-747156427520053600
117,2026-05-21,drafted,cantele@hpitx.com,Kendall,HPI Real Estate Services & Investments,TX-RealEstate,r-2684138527330162653
118,2026-05-21,drafted,glackey@hpitx.com,Garrison,HPI Real Estate Services & Investments,TX-RealEstate,r3498573451329981794
119,2026-05-21,drafted,rtuckner@metricpropertymanagement.com,Rebekah,Metric Property Management,TX-RealEstate,r-6421579531417605521
120,2026-05-21,drafted,tstewart@rockstep.com,Tommy,RockStep Capital,TX-RealEstate,r6523893270929117574
121,2026-05-21,drafted,zulfikar@ritexrealestate.com,Zulfikar,Ritex Real Estate,TX-RealEstate,r5454102242868850035
122,2026-05-21,drafted,apeters@hanszenlaporte.com,Anisse,"Hanszen Laporte, LLP",TX-RealEstate,r-6801695298037690883
123,2026-05-21,drafted,amelia@resolutre.com,Amelia,RESOLUT RE,TX-RealEstate,r-8912402417046263934
124,2026-05-21,drafted,msmith@porterfirm.com,Michelle,Porter Law Firm,TX-RealEstate,r-8509949437339223688
125,2026-05-21,drafted,bcromwell@moodyrambin.com,Bob,Moody Rambin,TX-RealEstate,r-7054288583638650919
126,2026-05-21,drafted,michael@carolinalandexperts.com,Michael,Live Oak,TX-RealEstate,r-435677409205588493
127,2026-05-21,drafted,dingram@liveoakcaregivers.com,David,Live Oak,TX-RealEstate,r-4616626908456227348
128,2026-05-21,drafted,mhart@rebeesmanagement.com,Micah,Rebees Management Company,TX-RealEstate,r-1704005594682364255
129,2026-05-21,drafted,auschold@lee-associates.com,Andy,Lee & Associates - Houston,TX-RealEstate,r-349620234931590985
130,2026-05-21,drafted,doak@tbsg.com,Doak,The Brownstone Group,TX-RealEstate,r2535148289916452162
131,2026-05-21,drafted,bill@brass.us,William,BRASS,TX-RealEstate,r9075386858453298857
132,2026-05-21,drafted,rscheffler@kdw.com,Rolf,KDW,TX-RealEstate,r4251225114918695555
133,2026-05-21,drafted,david.teague@pinecroftrealty.com,David,"Pinecroft Realty, LLC",TX-RealEstate,r1276166498523512150
134,2026-05-21,drafted,catalina@uptownhouston.com,Catalina,Uptown Real Estate Group,TX-RealEstate,r-6339753290524352673
135,2026-05-21,drafted,smith@peakgrowthconsulting.com,Ryan,Peak Rock Capital,TX-RealEstate,r8928008506520380265
136,2026-05-21,drafted,pshenoy@nityacapital.com,Prashant,Nitya Capital,TX-RealEstate,r480172278286226985
137,2026-05-21,drafted,smartin@abor.com,Stan,UnlockMLS & Austin Board of REALTORS®,TX-RealEstate,r-5406109680853898063
138,2026-05-21,drafted,dylan.schopper@finialgroup.com,Dylan,Finial Group,TX-RealEstate,r7799237078945047237
139,2026-05-21,drafted,marcus@offerd.com,Marcus,Offerd,TX-RealEstate,r8764414953251155385
140,2026-05-21,drafted,melissa@urban-genesis.com,Melissa,Urban Genesis,TX-RealEstate,r2323730910495836514
141,2026-05-21,drafted,rbveillon@cazinvestments.com,Ron,CAZ Investments,TX-RealEstate,r7064652776720159927
142,2026-05-21,drafted,sara.bloom@lovettindustrial.com,Sara,Lovett Industrial,TX-RealEstate,r4914103126857727625
143,2026-05-21,drafted,bcuzen@hpitx.com,Ben,HPI Real Estate Services & Investments,TX-RealEstate,r-3700025215376382399
144,2026-05-21,drafted,jdlewis@hpitx.com,Lewis,HPI Real Estate Services & Investments,TX-RealEstate,r3650219042314907862
145,2026-05-21,drafted,mmontague@hpitx.com,Matthew,HPI Real Estate Services & Investments,TX-RealEstate,r-166472446602634101
146,2026-05-21,drafted,kristal@quantumleapmgt.com,Kristal,Quantum Leap Property Management,TX-RealEstate,r2259568542648378697
147,2026-05-21,drafted,jose@nanproperties.com,Jose,Nan and Company Properties,TX-RealEstate,r5426699182857805433
148,2026-05-21,drafted,michele.kryczkowski@visiolending.com,Michele,Visio Lending,TX-RealEstate,r-3352507684853655520
149,2026-05-21,drafted,robertwray@suebausa.com,Robert,Sueba USA Corporation,TX-RealEstate,r-6490869644151479017
150,2026-05-21,drafted,nanhi@whitehouseglobalproperties.com,Nanhi,White House Global Properties,TX-RealEstate,r-2055802252330306166
151,2026-05-21,drafted,bthrippleton@urbanspacedev.com,Brian,Urbanspace,TX-RealEstate,r5834415119076964348
152,2026-05-21,drafted,lara@urbanspacelifestyle.com,Lara,Urbanspace,TX-RealEstate,r-4662277730773234429
153,2026-05-21,drafted,efriedlander@newquest.com,Emily,NewQuest,TX-RealEstate,r-5983415950479618987
154,2026-05-21,drafted,abarrios@swehomes.com,Alvaro,"SWE Homes, LP",TX-RealEstate,r6873241738936893363
155,2026-05-21,drafted,rlehman@santikos.com,Rob,Santikos Entertainment,TX-RealEstate,r-7070862903529879118
156,2026-05-21,drafted,csimutonga@ecrtx.com,Connie,ECR,TX-RealEstate,r1500806876233724087
157,2026-05-21,drafted,mwithey@virtusre.com,Matt,Virtus Real Estate Capital,TX-RealEstate,r-7761506013373425036
158,2026-05-21,drafted,v.tanevski@bcs.com.mk,Veljo,BCS,TX-RealEstate,r3355020995368695830
159,2026-05-21,drafted,jesse@liveoak.com,Jesse,Live Oak,TX-RealEstate,r5551945130815550712
160,2026-05-21,drafted,hunter.mcelhaney@offerd.com,Hunter,Offerd,TX-RealEstate,r3895086191650461344
161,2026-05-21,drafted,amanda@texasally.com,Amanda,"Texas Ally Real Estate Group, LLC",TX-RealEstate,r-3043963409579225416
162,2026-05-21,drafted,tmartin@rpsalaw.com,Tim,Rosenthal Pauerstein Sandoloski Agather LLP,TX-RealEstate,r-3564567798139239258
163,2026-05-21,drafted,chuck@gulfcoastflooring.net,Chuck,Gulf Coast Flooring & Services,TX-RealEstate,r8289047443933745465
164,2026-05-21,drafted,pkeltner@griffinpartners.com,Patrick,Griffin Partners Inc.,TX-RealEstate,r-2583926343550076487
165,2026-05-21,drafted,wstrong@virtusre.com,Will,Virtus Real Estate Capital,TX-RealEstate,r1229186364218073472
166,2026-05-21,drafted,cburundarena@bcscompliance.com,Carlos,BCS,TX-RealEstate,r-2080747281846371790
167,2026-05-21,drafted,lg@affiniuscapital.com,Laurie,Affinius Capital,TX-RealEstate,r5847009790529805758
168,2026-05-21,drafted,cdoyle@pennybackercap.com,Carey,Pennybacker,TX-RealEstate,r-8409135429626130519
169,2026-05-21,drafted,stuart@capridgepartners.com,Stuart,CapRidge Partners,TX-RealEstate,r-6442890829646626609
170,2026-05-21,drafted,arester@abor.com,Andy,UnlockMLS & Austin Board of REALTORS®,TX-RealEstate,r-644786409601515623
171,2026-05-21,drafted,shawn.dauphine@har.com,Shawn,HAR.com,TX-RealEstate,r-3472816937475931504
172,2026-05-21,drafted,jhickman@hpitx.com,John,HPI Real Estate Services & Investments,TX-RealEstate,r2713399997741195968
173,2026-05-21,drafted,chloen@hexapm.com,Anh,Hexa Property Management,TX-RealEstate,r-4660176042470455135
174,2026-05-21,drafted,axe@rockspring.com,Mike,Rockspring,TX-RealEstate,r3167234382090757283
175,2026-05-21,drafted,btrue@thecannon.com,Brad,The Cannon Community,TX-RealEstate,r8269464039356514752
176,2026-05-21,drafted,pcopeland@rebeesmanagement.com,Paul,Rebees Management Company,TX-RealEstate,r-6592612373446513030
177,2026-05-21,drafted,tgrube@cokinoslaw.com,Todd,Cokinos | Young,TX-RealEstate,r4752715576113591991
178,2026-05-21,drafted,andrew.damico@catalyze.com,Andrew,Catalyze,TX-RealEstate,r6258200681155801141
179,2026-05-21,drafted,greenwell@marmonmok.com,Brian,Marmon Mok Architecture,TX-RealEstate,r268568233830212434
180,2026-05-21,drafted,cbirdwell@andrewsmyers.com,Cynthia,"Andrews Myers, P.C.",TX-RealEstate,r-3294330708037609511
181,2026-05-21,drafted,mlaisatrukli@lee-associates.com,Monica,Lee & Associates - Houston,TX-RealEstate,r3725278337891270837
182,2026-05-21,drafted,aruby@ohanare.com,Anna,Ohana Real Estate Investors,TX-RealEstate,r112206236497622410
183,2026-05-21,drafted,jplumhoff@gvamgt.com,Jamie,GVA Property Management,TX-RealEstate,r-8628373174856958828
184,2026-05-21,drafted,cwilson@welcomegroup.com,Craig,"Welcome Group, LLC",TX-RealEstate,r1641422156312009765
185,2026-05-21,drafted,bhernandez@barshop-oles.com,Bart,Barshop & Oles Company,TX-RealEstate,r-1339611728731824023
186,2026-05-21,drafted,samantha@livebrooks.com,Samantha,Brooks,TX-RealEstate,r-6311437397271982388
187,2026-05-21,drafted,b.cassel@salonsbyjc.com,Brett,Salons by JC,TX-RealEstate,r-4923545113466375530
188,2026-05-21,drafted,ghourani@medistarcorp.com,Gino,Medistar Corporation,TX-RealEstate,r8089650475355391683
189,2026-05-21,drafted,allyson.ayton@brooksballardproperties.com,Allyson,Brooks Ballard International Real Estate,TX-RealEstate,r5053038079960948792
190,2026-05-21,drafted,ccortes@valbridge.com,Cindy,Teel Valuation Group,TX-RealEstate,r3054006523838466985
191,2026-05-21,drafted,costa.kontoulis@affiniuscapital.com,Costa,Affinius Capital,TX-RealEstate,r-8689645103194040691
192,2026-05-21,drafted,harris.neuberg@affiniuscapital.com,Harris,Affinius Capital,TX-RealEstate,r1044981503014980216
193,2026-05-21,drafted,david.reahl@affiniuscapital.com,David,Affinius Capital,TX-RealEstate,r-2454825512607515652
194,2026-05-21,drafted,mitch.krauss@goodwintx.com,Mitchell,Goodwin & Company,TX-RealEstate,r2911263363556848164
195,2026-05-21,drafted,cswim@fpsrichmond.com,Cindy,Family Practice Specialists,PHX-ATL-Healthcare,r-5981820454179649837
196,2026-05-21,drafted,sanjiv@fertilitybloom.com,Sanjiv,"BLOOM REPRODUCTIVE INSTITUTE, PLLC",PHX-ATL-Healthcare,r-5092896389049758934
197,2026-05-21,drafted,aloya@garetina.com,Ansley,"Georgia Retina, PC",PHX-ATL-Healthcare,r-9148208009472268858
198,2026-05-21,drafted,wnapoleon@atlwhs.com,Willkenia,Atlanta Women's Healthcare Specialists,PHX-ATL-Healthcare,r-570112522763325115
199,2026-05-21,drafted,alane@atlwhs.com,Aneesha,Atlanta Women's Healthcare Specialists,PHX-ATL-Healthcare,r-8143273397465160956
200,2026-05-21,drafted,kzipperer@garetina.com,Kali,"Georgia Retina, PC",PHX-ATL-Healthcare,r-4972500864438884657
201,2026-05-21,drafted,charris@ankleandfootcenters.com,Lynn,Ankle & Foot Centers of America,PHX-ATL-Healthcare,r6552420133172944985
202,2026-05-21,drafted,ebenuck@olanskydermatology.com,Elaine,Olansky Dermatology & Aesthetics,PHX-ATL-Healthcare,r686526882724298657
203,2026-05-21,drafted,tsteckler@crhhealthcare.com,Troy,CRH Healthcare,PHX-ATL-Healthcare,r273387281374149588
204,2026-05-21,drafted,ssongne@womenshealthaz.com,Shannon,Women's Health Arizona,PHX-ATL-Healthcare,r2084964031347987200
205,2026-05-21,drafted,breanna.lathrop@goodsamatlanta.org,Breanna,Good Samaritan Health Center Atlanta,PHX-ATL-Healthcare,r5258151976035362449
206,2026-05-21,drafted,cbraden@pvhomed.com,Cara,Palo Verde Cancer Specialists,PHX-ATL-Healthcare,r831711951428908697
207,2026-05-21,drafted,klehman@garetina.com,Kelley,"Georgia Retina, PC",PHX-ATL-Healthcare,r-1664720179935893303
208,2026-05-21,drafted,jessica.casson@orthoatlanta.com,Jessica,OrthoAtlanta,PHX-ATL-Healthcare,r-3792843845272011331
209,2026-05-21,drafted,mkolesar@northsideradiology.com,Mike,Northside Radiology Associates,PHX-ATL-Healthcare,r-8969432096275114210
210,2026-05-21,drafted,srobinson@orthoatlanta.com,Sanina,OrthoAtlanta,PHX-ATL-Healthcare,r-5835490230859688147
211,2026-05-21,drafted,tjboyd@azcard.com,TJ,Arizona Cardiology Group,PHX-ATL-Healthcare,r6010178784409564456
212,2026-05-21,drafted,tiffiny.stewart@dentistryofarizona.com,Tiffiny,American Family Dentistry,PHX-ATL-Healthcare,r-5557936438223995231
213,2026-05-21,drafted,cathy.collins@orthoatlanta.com,Cathy,OrthoAtlanta,PHX-ATL-Healthcare,r3284628394095471226
214,2026-05-21,drafted,amber.jones@orthoatlanta.com,Amber,OrthoAtlanta,PHX-ATL-Healthcare,r-1737614981719937934
215,2026-05-21,drafted,jaredk@azpaindoctors.com,Jared,AZ Pain Doctors,PHX-ATL-Healthcare,r2925256012330440436
216,2026-05-21,drafted,gjohnson@spineatl.com,Greg,Spine Center Atlanta,PHX-ATL-Healthcare,r-7082839373689747418
217,2026-05-21,drafted,allison.long@gaeyepartners.com,Allison,Georgia Eye Partners,PHX-ATL-Healthcare,r-5175279235836968792
218,2026-05-21,drafted,jacqueline@harrisdental.com,Jacqueline,Harris Dental,PHX-ATL-Healthcare,r3631955925385041809
219,2026-05-21,drafted,carleen.cordova@ciccenters.com,Carleen,Comprehensive Integrated Care,PHX-ATL-Healthcare,r-1417915565246637132
220,2026-05-21,drafted,donna.croft@ciccenters.com,Donna,Comprehensive Integrated Care,PHX-ATL-Healthcare,r4303970474924906495
221,2026-05-21,drafted,jennifer.rice@ciccenters.com,Jennifer,Comprehensive Integrated Care,PHX-ATL-Healthcare,r-8591234324560386841
222,2026-05-21,drafted,cboszilkov@breastcareatlanta.com,Cynthia,"Breast Care Specialists, LLC",PHX-ATL-Healthcare,r-6575223397703563293
223,2026-05-21,drafted,emassie@atlantaidgroup.com,Ellen,Atlanta ID Group,PHX-ATL-Healthcare,r2205024427072942896
224,2026-05-21,drafted,janetd@thomaseye.com,Janet,Thomas Eye Group,PHX-ATL-Healthcare,r882473936621363241
225,2026-05-21,drafted,kmeloy@desertspineandsports.com,Kathyrn,Desert Spine and Sports Physicians,PHX-ATL-Healthcare,r3863265110902765619
226,2026-05-21,drafted,kanderson@atlwhs.com,Khalil,Atlanta Women's Healthcare Specialists,PHX-ATL-Healthcare,r-2250702233312486582
227,2026-05-21,drafted,trenta@olanskydermatology.com,Trent,Olansky Dermatology & Aesthetics,PHX-ATL-Healthcare,r-8230660556899628348
228,2026-05-21,drafted,msimmons@olanskydermatology.com,Mindy,Olansky Dermatology & Aesthetics,PHX-ATL-Healthcare,r742238868625474000
229,2026-05-21,drafted,timisaacs@urgentcare247.com,Tim,Urgent Care 24/7 & Affiliates,PHX-ATL-Healthcare,r7075985867676605047
230,2026-05-21,drafted,mmore@somosdental.com,Mike,Somos Dental & Orthodontics,PHX-ATL-Healthcare,r-6392332253382065443
231,2026-05-21,drafted,amy.dutton@dentistryofarizona.com,Amy,American Family Dentistry,PHX-ATL-Healthcare,r-7422572102592037910
232,2026-05-21,drafted,bturico@noahhelps.org,Brian,Neighborhood Outreach Access to Health (NOAH),PHX-ATL-Healthcare,r-3546151479161004551
233,2026-05-21,drafted,brad@medtransgo.com,Brad,"MedTrans Go, Inc.",PHX-ATL-Healthcare,r7342938413473487864
234,2026-05-21,drafted,c.romero@mbiaz.com,Crystal,MBI Industrial Medicine,PHX-ATL-Healthcare,r-438938673007188232
235,2026-05-21,drafted,sam.ghosh@globecentrix.com,Sam,Globe Centrix,PHX-ATL-Healthcare,r1864032393112509098
236,2026-05-21,drafted,ashley.bernal@psa-online.net,Ashley,"Physician Specialists in Anesthesia, P.C",PHX-ATL-Healthcare,r8820288971151617305
237,2026-05-21,drafted,fsaleem@cmg-pc.com,Faisal,"CHILDREN'S MEDICAL GROUP, P.C.",PHX-ATL-Healthcare,r-5345538815476346185
238,2026-05-21,drafted,drhannah@100percentdoc.com,Hannah,100% Chiropractic Franchise,PHX-ATL-Healthcare,r-1565791239661697194
239,2026-05-21,drafted,hwozny@eyecareforanimals.com,Heather,Eye Care for Animals,PHX-ATL-Healthcare,r6793472334704590809
240,2026-05-21,drafted,teger@sunpainmgmt.com,Tammy,"Sun Pain Management, PLLC",PHX-ATL-Healthcare,r-4357018905430581473
241,2026-05-21,drafted,cmerritt@womenshealthaz.com,Christina,Women's Health Arizona,PHX-ATL-Healthcare,r852217311248029108
242,2026-05-21,drafted,mkennedy@pvhomed.com,Monique,Palo Verde Cancer Specialists,PHX-ATL-Healthcare,r-7278396514594360660
243,2026-05-21,drafted,lynn.epps@psa-online.net,Lynn,"Physician Specialists in Anesthesia, P.C",PHX-ATL-Healthcare,r2580361716892306347
244,2026-05-21,drafted,bnather@medoneaz.com,Brad,Medone Healthcare,PHX-ATL-Healthcare,r4323744081001221855
245,2026-05-21,drafted,chris@renewdentaltn.com,Chris,Renew Dental,PHX-ATL-Healthcare,r-7406530526755180194
246,2026-05-21,drafted,amcqueen@healatlanta.org,Andrea,HEALing Community Health,PHX-ATL-Healthcare,r4883405732047880417
247,2026-05-21,drafted,devyn.michelotti@envisionhealth.com,Devyn,"Scottsdale Emergency Associates, Ltd",PHX-ATL-Healthcare,r-2577810993009743286
248,2026-05-21,drafted,mtyson@aylohealth.com,Melissa,Aylo Health,PHX-ATL-Healthcare,r-3156204821335751334
249,2026-05-21,drafted,droyster@aylohealth.com,David,Aylo Health,PHX-ATL-Healthcare,r6978121975183205635
250,2026-05-21,drafted,dmorris@hccatlanta.org,David,HEALing Community Health,PHX-ATL-Healthcare,r5912209131183286613
251,2026-05-21,drafted,elizabeth.conforti@ameridentco.com,Elizabeth,American Dental Companies,PHX-ATL-Healthcare,r734387010703295405
252,2026-05-21,drafted,rbenton@aylohealth.com,Rhonda,Aylo Health,PHX-ATL-Healthcare,r6310432235059606275
253,2026-05-21,drafted,marla.hirsh@pemaweb.com,Marla,"PEDIATRIC EMERGENCY MEDICINE ASSOCIATES, LLC",PHX-ATL-Healthcare,r-1806760193930009427
254,2026-05-21,drafted,lsiwek@thepaincenter.com,Luke,The Pain Center,PHX-ATL-Healthcare,r6313050819666090839
255,2026-05-21,drafted,rbasulto@integratedorthopedicsaz.com,Rick,Integrated Orthopedics,PHX-ATL-Healthcare,r2880914700302791124
256,2026-05-21,drafted,jmcginnis@aylohealth.com,Jennifer,Aylo Health,PHX-ATL-Healthcare,r2535784423943084398
257,2026-05-21,drafted,lsmith1@circlethecity.org,Luke,Circle the City,PHX-ATL-Healthcare,r3621572305612884660
258,2026-05-21,drafted,mflores@aylohealth.com,Mallery,Aylo Health,PHX-ATL-Healthcare,r-4191101535447748237
259,2026-05-21,drafted,kris@kpghealthcare.com,Kris,KPG Healthcare,PHX-ATL-Healthcare,r-5203588869058810048
260,2026-05-21,drafted,cparker@entofga.com,Cassie,ENT of Georgia,PHX-ATL-Healthcare,r2345070257944630189
261,2026-05-21,drafted,sflores@arizonadigestivehealth.com,Steve,"Arizona Digestive Health, P.C.",PHX-ATL-Healthcare,r3301285504978509723
262,2026-05-21,drafted,jmardis@crhanesthesia.com,Jana,CRH Anesthesia,PHX-ATL-Healthcare,r-4781429220032225457
263,2026-05-21,drafted,pamela.rascon@orthoatlanta.com,Pamela,OrthoAtlanta,PHX-ATL-Healthcare,r5276198551070433012
264,2026-05-21,drafted,kterhufen@greatergas.com,Kathleen,Greater Anesthesia Solutions,PHX-ATL-Healthcare,r6861576333427460256
265,2026-05-21,drafted,jvarner@azvent.com,Ja'nea,"VALLEY ENT, P.C.",PHX-ATL-Healthcare,r8601296777379518349
266,2026-05-21,drafted,dianaw@beltlinehealth.com,Diana,Beltline Health,PHX-ATL-Healthcare,r5597897051160111663
267,2026-05-21,drafted,lacie.fulbright@orthoatlanta.com,Lacie,OrthoAtlanta,PHX-ATL-Healthcare,r1551578377027990365
268,2026-05-21,drafted,dan.jones@atlashp.com,Dan,Atlas Healthcare Partners,PHX-ATL-Healthcare,r-3682289263285987946
269,2026-05-21,drafted,mstuff@esmil.com,Megan,"Southwest Medical Imaging, LTD",PHX-ATL-Healthcare,r5440689135934320981
270,2026-05-21,drafted,kford@atlantaspineclinic.com,Kimberly,Atlanta Spine PC,PHX-ATL-Healthcare,r-942618005672250534
271,2026-05-21,drafted,kfranklin@spineatl.com,Kimberly,Spine Center Atlanta,PHX-ATL-Healthcare,r-5298606167627358527
272,2026-05-21,drafted,shaun@govidaflo.com,Shaun,Vida-Flo USA,PHX-ATL-Healthcare,r-4765037060473423447
273,2026-05-21,drafted,mbalk@wesleychc.org,Mikala,Wesley Community & Health Centers,PHX-ATL-Healthcare,r-5071333982360142957
274,2026-05-21,drafted,kmarti@axisforautism.com,Katie,Axis for Autism,PHX-ATL-Healthcare,r-7812227601734920924
275,2026-05-21,drafted,acraig@coreclinicalpartners.com,Andrea,Core Clinical Partners,PHX-ATL-Healthcare,r7739389209462531519
276,2026-05-21,drafted,bwehner@chsaz.com,Brandon,Concentric Healthcare Staffing,PHX-ATL-Healthcare,r4275138688109030121
277,2026-05-21,drafted,clientrelations@catdoctoratlanta.com,Abby,The Cat Doctor,PHX-ATL-Healthcare,r-3471206466492287815
278,2026-05-21,drafted,sreese@endurancerehab.com,Sheri,Endurance Rehab,PHX-ATL-Healthcare,r1672927259687384977
279,2026-05-21,drafted,khauser@atlantaallergy.com,Kristian,Atlanta Allergy & Asthma,PHX-ATL-Healthcare,r7171579472088421730
280,2026-05-21,drafted,matthew.stapleton@coreclinicalpartners.com,Matthew,Core Clinical Partners,PHX-ATL-Healthcare,r3583108159579484164
281,2026-05-21,drafted,jsnyder@dsspaz.com,Josh,Desert Spine and Sports Physicians,PHX-ATL-Healthcare,r1168853866515784623
282,2026-05-21,drafted,kylie.krohmer@coreclinicalpartners.com,Kylie,Core Clinical Partners,PHX-ATL-Healthcare,r3106338155724668528
283,2026-05-21,drafted,akim@metroderm.org,Amy,MetroDerm,PHX-ATL-Healthcare,r1653083906962015576
284,2026-05-21,drafted,louis.simmons@whitefoord.org,Louis,"Whitefoord, Inc.",PHX-ATL-Healthcare,r-5472867983103312193
285,2026-05-21,drafted,alove@advspine.org,Angela,Advanced Spine And Pain (ASAP),PHX-ATL-Healthcare,r4612940250597729889
286,2026-05-21,drafted,alif@globecentrix.in,Sk,Globe Centrix,PHX-ATL-Healthcare,r-4957521721855936142
287,2026-05-21,drafted,nna@luminavisionpartners.com,Nna,Lumina Vision Partners,PHX-ATL-Healthcare,r1479907418364019475
288,2026-05-21,drafted,rcolumbus@coreclinicalpartners.com,Rachel,Core Clinical Partners,PHX-ATL-Healthcare,r-4518282272625244726
289,2026-05-21,drafted,aottmann@ascendtelehealth.com,Alicia,Ascend Healthcare Inc,PHX-ATL-Healthcare,r5053175776940426075
290,2026-05-21,drafted,hward@circlethecity.org,Heidi,Circle the City,PHX-ATL-Healthcare,r3706575186046331945
291,2026-05-21,drafted,rachel@thrive-therapy.org,Rachel,Thrive Therapy,PHX-ATL-Healthcare,r1430652270836682286
292,2026-05-21,drafted,mfox@azvent.com,Mary,"VALLEY ENT, P.C.",PHX-ATL-Healthcare,r-5337845204998719110
293,2026-05-21,drafted,nperez@aztoothdoctor.com,Naomy,A Tooth Doctor For Kids,PHX-ATL-Healthcare,r-2028956746540423864
294,2026-05-21,drafted,vfarmer@azpulm.com,Vicki,"Arizona Pulmonary Specialists, Ltd.",PHX-ATL-Healthcare,r4967115413022644325
295,2026-05-21,drafted,jmorss@dfchase.com,John,Chase Construction Group,NC-TN-Construction,r-3767486596130480269
296,2026-05-21,drafted,mganci@concordeconst.com,Matthew,Concorde Construction Company,NC-TN-Construction,r5381413065869533955
297,2026-05-21,drafted,shannonk@nonccorp.com,Shannon,Night Owl Companies,NC-TN-Construction,r4950250117361302810
298,2026-05-21,drafted,jgoins@edificeinc.com,Josiah,Edifice Construction,NC-TN-Construction,r-7575864493757498510
299,2026-05-21,drafted,sclarke@edificeinc.com,Shea,Edifice Construction,NC-TN-Construction,r8746359994344213490
300,2026-05-21,drafted,bjackson@concordeconst.com,Blaine,Concorde Construction Company,NC-TN-Construction,r950643692421205672
301,2026-05-21,drafted,shaun.dickert@cartergroupllc.com,Shaun,"Carter Group, LLC",NC-TN-Construction,r448351351916837713
302,2026-05-21,drafted,dfinegan@chermanconstruction.com,Daniel,"C. Herman Construction, LLC",NC-TN-Construction,r-8960641573130690567
303,2026-05-21,drafted,gmartignetti@chermanconstruction.com,George,"C. Herman Construction, LLC",NC-TN-Construction,r-8085470133478241946
304,2026-05-21,drafted,scolvin@concordeconst.com,Susan,Concorde Construction Company,NC-TN-Construction,r-8032363722036402028
305,2026-05-21,drafted,joshs@charterconstruction.com,Josh,Charter Construction,NC-TN-Construction,r-1889135621298026550
306,2026-05-21,drafted,dhenderson@edisonfoard.com,Dan,Edison Foard Construction,NC-TN-Construction,r8640472698300883632
307,2026-05-21,drafted,jhaddock@rcmathews.com,Jonathan,R.C. Mathews Contractor,NC-TN-Construction,r5697694692265922689
308,2026-05-21,drafted,bwilbourn@concordeconst.com,Belinda,Concorde Construction Company,NC-TN-Construction,r269307976658476569
309,2026-05-21,drafted,steven.whitlock@whitlockbuilders.com,Steven,Whitlock Builders,NC-TN-Construction,r580848943207071200
310,2026-05-21,drafted,shannon@solomonbuilders.com,Steve,Solomon Builders,NC-TN-Construction,r-5471849950310922329
311,2026-05-21,drafted,anne@augustcs.com,Anne,"August Construction Solutions, Inc.",NC-TN-Construction,r5631117632776127089
312,2026-05-21,drafted,krigsby@dfchase.com,Kevin,Chase Construction Group,NC-TN-Construction,r770869866189900390
313,2026-05-21,drafted,bbambrick@shelcollc.com,Brendan,"Shelco, LLC",NC-TN-Construction,r-2980043833860857008
314,2026-05-21,drafted,dbuffa@wrnewman.com,Darrin,"W.R. Newman & Associates, Inc.",NC-TN-Construction,r-5098091986228662744
315,2026-05-21,drafted,chris.schenker@barringerconstruction.com,Chris,Barringer Construction,NC-TN-Construction,r-4255428090668411026
316,2026-05-21,drafted,jonathan@gethomecloud.com,Jonathan,HomeCloud,NC-TN-Construction,r7623007652102494737
317,2026-05-21,drafted,shaywilliams@thecomfortgroup.com,Shay,The Comfort Group Inc,NC-TN-Construction,r-7499942664105443838
318,2026-05-21,drafted,ben@ingenious.build,Benjamin,INGENIOUS.BUILD,NC-TN-Construction,r4428919699906838771
319,2026-05-21,drafted,danielparrott@copperbuilders.com,Daniel,Copper Builders,NC-TN-Construction,r-9033947829253773688
320,2026-05-21,drafted,dwilliams@holtbrothersinc.com,Dalton,Holt Brothers Construction,NC-TN-Construction,r-1690814774192655551
321,2026-05-21,drafted,edmund.purcell@summitde.net,Edmund,Summit Design and Engineering Services,NC-TN-Construction,r2178341974116750778
322,2026-05-21,drafted,cdavis@griffinmasonry.com,Chad,Griffin Masonry,NC-TN-Construction,r-2153977305611647822
323,2026-05-21,drafted,davidw@carocon.com,David,Carocon Corporation,NC-TN-Construction,r2011131222149711221
324,2026-05-21,drafted,rcrim@ghp1.com,Rich,GHP,NC-TN-Construction,r1219639952275210379
325,2026-05-21,drafted,joerider@clancytheys.com,Joe,Clancy & Theys Construction Company,NC-TN-Construction,r8880063520768605367
326,2026-05-21,drafted,lcouch@twfrierson.com,Lance,"T.W. Frierson Contractor, Inc.",NC-TN-Construction,r-1262344440303940451
327,2026-05-21,drafted,john.ledford@duncan-parnell.com,John,Duncan-Parnell Inc.,NC-TN-Construction,r1437054439217596564
328,2026-05-21,drafted,bwilhelm@mcco-us.com,Ben,McFarland Construction U.S.,NC-TN-Construction,r-8140161635620340966
329,2026-05-21,drafted,andy.kurtas@serviceprosig.com,Andy,"Service Pros Installation Group, INC.",NC-TN-Construction,r-1545270516229137752
330,2026-05-21,drafted,rrizzuti@ces-group.net,Renee,"CES Group Engineers, LLP",NC-TN-Construction,r-5386003413323664437
331,2026-05-21,drafted,ibass@daeverettgroup.com,Ian,D.A. Everett Construction Group,NC-TN-Construction,r-4002954537352329613
332,2026-05-21,drafted,dale@ashlandconstruction.com,Dale,Ashland Construction Company,NC-TN-Construction,r2407024974180394317
333,2026-05-21,drafted,jrice@granitehillsgroup.com,Jared,Granite Hills Group,NC-TN-Construction,r7493972959639105119
334,2026-05-21,drafted,mchance@advancedexteriorsystems.com,Matt,Advanced Exterior Systems,NC-TN-Construction,r-1453200272911246293
335,2026-05-21,drafted,dave.davenport@coopertacia.com,Dave,Cooper Tacia General Contracting Company,NC-TN-Construction,r-7275552296840819538
336,2026-05-21,drafted,doug@beacondevelopment.com,Doug,Beacon Partners,NC-TN-Construction,r3819391415810645295
337,2026-05-21,drafted,tyler.carey@harkercc.com,Tyler,Harker,NC-TN-Construction,r7270428446009623816
338,2026-05-21,drafted,ccooper@coopersteel.com,Cory,Cooper Steel,NC-TN-Construction,r5673936459903699439
339,2026-05-21,drafted,matt@aandwelectric.com,Matthew,"A&W Electric, Inc.",NC-TN-Construction,r5923287441949808415
340,2026-05-21,drafted,c.keebaugh@nationalcoatingsinc.com,Charlie,National Coatings,NC-TN-Construction,r6497338153948140843
341,2026-05-21,drafted,david.mcguire@andrewroby.com,David,The Roby Family of Companies,NC-TN-Construction,r8340949681070415885
342,2026-05-21,drafted,sclark@environamics.com,Stuart,Environamics Inc.,NC-TN-Construction,r-6340615527342067741
343,2026-05-21,drafted,joe.amoroso@onerallypoint.com,Joe,OneRallyPoint,NC-TN-Construction,r538060614223863977
344,2026-05-21,drafted,mrizzo@iibec.org,Melany,IIBEC,NC-TN-Construction,r-4910195090554186502
345,2026-05-21,drafted,pspear@alley-cassetty.com,Patrick,Alley-Cassetty Brick & Stone,NC-TN-Construction,r-2593366381827977550
346,2026-05-21,drafted,rhett@ashlandconstruction.com,Rhett,Ashland Construction Company,NC-TN-Construction,r4510553982476299098
347,2026-05-21,drafted,j.miller@mjmarch.com,J,MJM Architects,NC-TN-Construction,r4692959569928186411
348,2026-05-21,drafted,seand@csdgtn.com,Sean,CSDG,NC-TN-Construction,r-8570256360009993892
349,2026-05-21,drafted,jchillgen@wkdickson.com,Jason,"WK Dickson, an Ardurra company",NC-TN-Construction,r8140184728870509504
350,2026-05-21,drafted,bbevineau@isuitellc.com,Broderick,iSuite,NC-TN-Construction,r-5421469188465376143
351,2026-05-21,drafted,aadair@fitchirick.com,Adi,Fitch Irick Corporation,NC-TN-Construction,r4690344109785462793
352,2026-05-21,drafted,rtyson@siteworks-llc.com,Ryan,"Siteworks, LLC",NC-TN-Construction,r-526221399357565933
353,2026-05-21,drafted,jfitzpatrick@stonesriverelectric.com,Jeff,Stones River Electric,NC-TN-Construction,r-6339730882073998055
354,2026-05-21,drafted,vmcallister@edificeinc.com,Veronica,Edifice Construction,NC-TN-Construction,r805103941624684488
355,2026-05-21,drafted,doug.stewart@charlotteflooring.com,Doug,Charlotte Flooring Inc.,NC-TN-Construction,r5258246203868481997
356,2026-05-21,drafted,philipc@ntglass.com,Philip,Nashville Tempered Glass,NC-TN-Construction,r-8104377666757687859
357,2026-05-21,drafted,aking@1stchoicecabinets.com,Allison,1st Choice Cabinetry,NC-TN-Construction,r-4445499206252855851
358,2026-05-21,drafted,jbrown@phx-reps.com,Jason,Phoenix Marketing Group LLC,NC-TN-Construction,r-7752363506424788587
359,2026-05-21,drafted,tammy@spartanbuildinggroup.com,Tammy,"Spartan Construction, LLC",NC-TN-Construction,r25559742362095633
360,2026-05-21,drafted,cyoung@advancedrecruitingpartners.com,Christopher,Advanced Recruiting Partners,NC-TN-Construction,r6733356618390270361
361,2026-05-21,drafted,dpyatt@burgesssales.com,Doug,"Burgess Sales & Supply, Inc.",NC-TN-Construction,r3007907712841064190
362,2026-05-21,drafted,rmcnally@orcolan.com,Richie,ORC,NC-TN-Construction,r-5040711632196993324
363,2026-05-21,drafted,jon.matheis@smartersys.com,Jon,Smarter Systems,NC-TN-Construction,r8444714033539642828
364,2026-05-21,drafted,ruben.pena@sbmg.com,Ruben,SBMG,NC-TN-Construction,r818900826187406068
365,2026-05-21,drafted,roger.keene@blytheconstruction.com,Roger,"Blythe Construction, Inc.",NC-TN-Construction,r8212589831610633630
366,2026-05-21,drafted,alex.roxbury@eml1.com,Alex,"Electronic Metrology Laboratory, LLC (EML)",NC-TN-Construction,r-6767627925934279227
367,2026-05-21,drafted,awomack@oakleyconstruction.net,Adam,Oakley Construction Inc.,NC-TN-Construction,r-7587825119140364550
368,2026-05-21,drafted,jshear@nalandscape.com,Jason,North American Lawn & Landscape,NC-TN-Construction,r-3494169437405092143
369,2026-05-21,drafted,dlavender@meridianwaste.com,Dave,Meridian Waste,NC-TN-Construction,r-7215724169470433790
370,2026-05-21,drafted,wdowd@myers-chapman.com,Will,Myers & Chapman,NC-TN-Construction,r-7313670715585409009
371,2026-05-21,drafted,sdodds@thewootencompany.com,Steven,The Wooten Company,NC-TN-Construction,r-1161987269318827078
372,2026-05-21,drafted,craigk@nonccorp.com,Craig,Night Owl Companies,NC-TN-Construction,r9192708654170638040
373,2026-05-21,drafted,meredith@augustcs.com,Meredith,"August Construction Solutions, Inc.",NC-TN-Construction,r-7237211402737470063
374,2026-05-21,drafted,jmayes2@familybusinessinstitute.com,John,Performance Construction Advisors,NC-TN-Construction,r-6871333115981547184
375,2026-05-21,drafted,jfowler@ghp1.com,Jeff,GHP,NC-TN-Construction,r-6710008467711875587
376,2026-05-21,drafted,patrick@tritonstonenashville.com,Patrick,Triton Stone Group of Nashville,NC-TN-Construction,r3337070955806636903
377,2026-05-21,drafted,chastity.mazigi@morexinc.com,Chastity,Morex Inc,NC-TN-Construction,r2925213427363946066
378,2026-05-21,drafted,donnie@donkennedyroofing.com,Donnie,"Don Kennedy Roofing, Inc.",NC-TN-Construction,r-3311019676597129402
379,2026-05-21,drafted,charles.todd@littleonline.com,Charles,Little Diversified Architectural Consulting,NC-TN-Construction,r-4724354263056893627
380,2026-05-21,drafted,cbarker@thinktechadvisors.com,Chris,ThinkTech Advisors,NC-TN-Construction,r-6735450433450707063
381,2026-05-21,drafted,avilla@linkhospitalitycorp.com,Adrian,AR HOSPITALITY,NC-TN-Construction,r-2291171137617044482
382,2026-05-21,drafted,arutland@landdesign.com,Andre,LandDesign,NC-TN-Construction,r-5163986335339605661
383,2026-05-21,drafted,amilauskas@pageonelegal.com,Andrew,"Page One, Inc.",NC-TN-Construction,r6212328982426018989
384,2026-05-21,drafted,zsatterwhite@thesunrockgroup.com,Zach,Sunrock,NC-TN-Construction,r-3836907954759465603
385,2026-05-21,drafted,rcrabill@datastaffnc.com,Robert,"DataStaff, Inc.",NC-TN-Construction,r7388137565354691160
386,2026-05-21,drafted,beau@gostoreit.com,Beau,Go Store It Self-Storage,NC-TN-Construction,r-8311680354160728146
387,2026-05-21,drafted,elucas@piedmontds.com,Emily,Piedmont Door Solutions,NC-TN-Construction,r-161423997069757609
388,2026-05-21,drafted,debbie@prohuntersearch.com,Debbie,The ProHunters,NC-TN-Construction,r3810619534212935855
389,2026-05-21,drafted,jennie@leftmainrei.com,Jennie,Left Main REI,NC-TN-Construction,r1847899703943264340
390,2026-05-21,drafted,cory.braman@dwcbuilds.com,Cory,"DWC Construction Co., Inc.",NC-TN-Construction,r5779092573058487927
391,2026-05-21,drafted,michael.ebert@edpnc.com,Michael,Economic Development Partnership of North Carolina (EDPNC),NC-TN-Construction,r-1663370521755767014
392,2026-05-21,drafted,gboktor@dalamarhomes.com,George,Dalamar Homes,NC-TN-Construction,r-652668197490493761
393,2026-05-21,drafted,david.paul@youngmoorelaw.com,David,"Young Moore and Henderson, P.A.",NC-TN-Construction,r2306186317569561315
394,2026-05-21,drafted,megan.logan@thelovingcompanies.com,Megan,LOVING,NC-TN-Construction,r6346945356684571098
395,2026-05-21,drafted,walter.woodruff@agxfreight.com,Walter,AGX Freight,FL-Logistics,r-8803812174912314787
396,2026-05-21,drafted,pgarcia@treelogistics.com,Pedro,Tree Logistics,FL-Logistics,r1330054711461219863
397,2026-05-21,drafted,jvazquez@interwf.com,Joe,Interworld Freight Inc.,FL-Logistics,r2403866269723411624
398,2026-05-21,drafted,johnnie@shipatlantic.com,Johnnie,Atlantic Logistics,FL-Logistics,r7848357357325493391
399,2026-05-21,drafted,carlos@solutionsbyfusion.com,Carlos,"Fusion Logistics, Inc.",FL-Logistics,r-4136066428909374385
400,2026-05-21,drafted,pbarclay@directimpactlogistics.com,Barclay,Direct Impact Logistics,FL-Logistics,r-1753076707356563130
401,2026-05-21,drafted,darrellg@hnmgloballogistics.com,Darrell,HNM Global Logistics,FL-Logistics,r7438922179862976972
402,2026-05-21,drafted,agil@tritonlogistics.us.com,Amanda,Triton Logistics,FL-Logistics,r2823031078983171460
403,2026-05-21,drafted,geoff.taylor@agxfreight.com,Geoffrey,AGX Freight,FL-Logistics,r-7062448471607924452
404,2026-05-21,drafted,rodell@nxtpointlogistics.com,Russell,NXTPoint Logistics,FL-Logistics,r-8236720997866434816
405,2026-05-21,drafted,nick.angeletos@medovlog.com,Nick,Medov Logistics,FL-Logistics,r3919514800989313623
406,2026-05-21,drafted,cg@boomtrans.com,Cassie,Boomerang Transportation,FL-Logistics,r6264189428733343357
407,2026-05-21,drafted,ignasi.sola@horizonautologistics.com,Ignasi,Horizon Auto Logistics,FL-Logistics,r2791063261998230338
408,2026-05-21,drafted,dmangold@foxlogistics.com,David,Fox Logistics,FL-Logistics,r-967231327955803089
409,2026-05-21,drafted,arice@proautologistics.com,Amy,Proficient Auto Logistics,FL-Logistics,r-1084613653684799201
410,2026-05-21,drafted,edward.santa@medovlog.com,Edward,Medov Logistics,FL-Logistics,r5232086287678106016
411,2026-05-21,drafted,rex@shipatlantic.com,Rex,Atlantic Logistics,FL-Logistics,r7114306868777712925
412,2026-05-21,drafted,jslater@cold-linklogistics.com,Jay,Cold-Link Logistics,FL-Logistics,r-8633245751759819550
413,2026-05-21,drafted,cerlandson@clgdelivers.com,Chris,Capital Logistics Group,FL-Logistics,r2666849228408922485
414,2026-05-21,drafted,clopez@mandichgroup.com,Carlos,Cold-Link Logistics,FL-Logistics,r-7175098137865782512
415,2026-05-21,drafted,dpearson@centurionautologistics.com,Dean,Centurion Auto Logistics,FL-Logistics,r6473612861754541653
416,2026-05-21,drafted,erik.kucharzyk@easyflyers.com,Erik,Easyflyers,FL-Logistics,r4910066528510932972
417,2026-05-21,drafted,salmonte@directimpactlogistics.com,Starlyn,Direct Impact Logistics,FL-Logistics,r-6017172801796213158
418,2026-05-21,drafted,pyoung@sds-rx.com,Peyton,SDS Rx Powered by DHL Supply Chain,FL-Logistics,r-3642534003563401359
419,2026-05-21,drafted,sara.arita@onboardlogistics.net,Sara,Onboard Logistics Group,FL-Logistics,r4484822107099095329
420,2026-05-21,drafted,rob@cwcarriersinc.com,Rob,CW Carriers USA Inc.,FL-Logistics,r-8964104990290767808
421,2026-05-21,drafted,jcarithers@landstar-agent.com,James,"Momentum Transportation USA, an award-winning Landstar Agent",FL-Logistics,r-3700769418602317737
422,2026-05-21,drafted,adrianap@tabiconnect.com,Adriana,Tabi Connect,FL-Logistics,r8343038432123132910
423,2026-05-21,drafted,jcapell@treelogistics.com,Joaquim,Tree Logistics,FL-Logistics,r6513692448722566487
424,2026-05-21,drafted,austin@expressfreightinc.com,Austin,Express Freight Inc.,FL-Logistics,r3018667422948028633
425,2026-05-21,drafted,dburke@transflo.com,Don,Transflo,FL-Logistics,r-9052213928205559434
426,2026-05-21,drafted,luccas.zillig@go-dux.com,Luccas,Dux Logistics,FL-Logistics,r4157413696757463741
427,2026-05-21,drafted,dzapata@interwf.com,Daniel,Interworld Freight Inc.,FL-Logistics,r-2045084364008263109
428,2026-05-21,drafted,onyll.prieto@forbislogistics.com,Onyll,Forbis Logistics,FL-Logistics,r-6185885205057902496
429,2026-05-21,drafted,perrazuriz@ags.inc,Pedro,AGS AGUNSA,FL-Logistics,r8751327112730106117
430,2026-05-21,drafted,abarrington@star-freightllc.com,Anthony,Star Freight LLC,FL-Logistics,r-3675999251622962262
431,2026-05-21,drafted,rfernandez@mailusers.net,Ralph,AMG Global Distribution,FL-Logistics,r9085518314148801196
432,2026-05-21,drafted,bniswonger@shamrockintermodal.com,Benjamin,Shamrock Express,FL-Logistics,r2642309273266707436
433,2026-05-21,drafted,drussell@magaya.com,Dawn,Magaya Corporation,FL-Logistics,r7183066768210088535
434,2026-05-21,drafted,vincente.cruz@werner.com,Vincente,ReedTMS Logistics,FL-Logistics,r-4456230527241840213
435,2026-05-21,drafted,james.dillon@corporatetraffic.com,James,Corporate Traffic Logistics,FL-Logistics,r-8525130093287480437
436,2026-05-21,drafted,mark.marlow@nxtpointlogistics.com,Mark,NXTPoint Logistics,FL-Logistics,r-2229420014398670308
437,2026-05-21,drafted,bryan.white@nxtpointlogistics.com,Bryan,NXTPoint Logistics,FL-Logistics,r7180170578385318403
438,2026-05-21,drafted,jose.rodriguez@nxtpointlogistics.com,Jose,NXTPoint Logistics,FL-Logistics,r3285909899879407295
439,2026-05-21,drafted,martha.mingucha@nxtpointlogistics.com,Martha,NXTPoint Logistics,FL-Logistics,r1510547107947984786
440,2026-05-21,drafted,jesus.gonzalez@nxtpointlogistics.com,Jesus,NXTPoint Logistics,FL-Logistics,r4234702479520894795
441,2026-05-21,drafted,dhaylock@antillean.com,Derek,Antillean Marine Shipping Corporation,FL-Logistics,r8239386470228964726
442,2026-05-21,drafted,kristin.rush@suddath.com,Kristin,NXTPoint Logistics,FL-Logistics,r1631887829119680568
443,2026-05-21,drafted,jennifer.yurksaitis@nxtpointlogistics.com,Jennifer,NXTPoint Logistics,FL-Logistics,r5508920986964791666
444,2026-05-21,drafted,a.palmisano@fasttrackgroup.us,Andrea,Fast Track Worldwide Logistics Inc.,FL-Logistics,r2386437185591188677
445,2026-05-21,drafted,jgrandchamp@clgdelivers.com,Jackie,Capital Logistics Group,FL-Logistics,r5430538248878656991
446,2026-05-21,drafted,salmashhadany@sds-rx.com,Sufian,SDS Rx Powered by DHL Supply Chain,FL-Logistics,r3169639796432104077
447,2026-05-21,drafted,dan@solutionsbyfusion.com,Dan,"Fusion Logistics, Inc.",FL-Logistics,r-3562215700884106780
448,2026-05-21,drafted,rnieto@skylease.aero,Ricardo,Sky Lease Cargo,FL-Logistics,r-8460484349069775079
449,2026-05-21,drafted,mtokach@sds-rx.com,Michael,SDS Rx Powered by DHL Supply Chain,FL-Logistics,r7732698254672480209
450,2026-05-21,drafted,mflorez@sds-rx.com,Mario,SDS Rx Powered by DHL Supply Chain,FL-Logistics,r3691382992407407685
451,2026-05-21,drafted,jerry.hall@patriotrail.com,Jerry,Patriot Rail,FL-Logistics,r-6077099317764620224
452,2026-05-21,drafted,daniel.perez@horizonautologistics.com,Daniel,Horizon Auto Logistics,FL-Logistics,r2671173190432431589
453,2026-05-21,drafted,mjohnston@hnmgloballogistics.com,Matthew,HNM Global Logistics,FL-Logistics,r3963083989159672477
454,2026-05-21,drafted,sperry@proautologistics.com,Scott,Proficient Auto Logistics,FL-Logistics,r1780438097916760595
455,2026-05-21,drafted,chaddock@landstar-agent.com,Craig,"Momentum Transportation USA, an award-winning Landstar Agent",FL-Logistics,r8112300821610383553
456,2026-05-21,drafted,shannon.kitchens@go-dux.com,Shannon,Dux Logistics,FL-Logistics,r-8753815123702647918
457,2026-05-21,drafted,mario.corado@sttlg.us,Mario,STT Logistics Group,FL-Logistics,r-4404420311078839490
458,2026-05-21,drafted,jcottle@hickorytrans.com,Joshua,HTS Logistics,FL-Logistics,r2789008952359365151
459,2026-05-21,drafted,rbeggs@proautologistics.com,Randy,Proficient Auto Transport,FL-Logistics,r-6594834160003951236
460,2026-05-21,drafted,jbrashares@stgusa.com,Jeffrey,Pacer Global Logistics,FL-Logistics,r-8765517009772923930
461,2026-05-21,drafted,francisco.rojas@onboardlogistics.net,Francisco,Onboard Logistics Group,FL-Logistics,r-7877921461219643200
462,2026-05-21,drafted,diego.frecia@easyflyers.com,Diego,Easyflyers,FL-Logistics,r-1706780371849130635
463,2026-05-21,drafted,jessica@ltransl.com,Jessica,Lightning Transport & Logistics,FL-Logistics,r-2161482752754055933
464,2026-05-21,drafted,andres@transcargo.io,Andres,TransCargo Solutions,FL-Logistics,r7311116408016738504
465,2026-05-21,drafted,james.bennett@jaxport.com,James,Jacksonville Port Authority (JAXPORT),FL-Logistics,r1574833526643870551
466,2026-05-21,drafted,simo.mekouar@werner.com,Simo,ReedTMS Logistics,FL-Logistics,r-293073055899873733
467,2026-05-21,drafted,vmraz@diverselogistics.com,Victor,DIVERSE LOGISTICS AND DISTRIBUTION LLC,FL-Logistics,r-634539845529389617
468,2026-05-21,drafted,nevena@cwcarriersinc.com,Nevena,CW Carriers USA Inc.,FL-Logistics,r-5075951746007126662
469,2026-05-21,drafted,armando.fuentes@brightcell-logistics.com,Armando,BrightCell Logistics,FL-Logistics,r5964704109320945548
470,2026-05-21,drafted,jason.mann@corporatetraffic.com,Jason,Corporate Traffic Logistics,FL-Logistics,r4232109504179057498
471,2026-05-21,drafted,bgiuliani@tampaport.com,Brian,Port Tampa Bay,FL-Logistics,r7041137593803138481
472,2026-05-21,drafted,chegarty@elitegrp.com,Christine,The Elite Group,FL-Logistics,r-3794764510826121435
473,2026-05-21,drafted,myates@magellanlogistics.com,Melinda,Magellan Transport Logistics,FL-Logistics,r6733524378703808150
474,2026-05-21,drafted,yespitia@summar.com,Yobany,"Summar Financial, LLC",FL-Logistics,r-8906142391678097172
475,2026-05-21,drafted,dmartin@cold-linklogistics.com,Donald,Cold-Link Logistics,FL-Logistics,r8217751395990775113
476,2026-05-21,drafted,acripe@magellanlogistics.com,Alexandra,Magellan Transport Logistics,FL-Logistics,r-3305644396288423060
477,2026-05-21,drafted,alejandro.ochoa@dglus.com,Alejandro,Dedicated Ground Logistics (DGL),FL-Logistics,r-1727004619024588357
478,2026-05-21,drafted,mrodriguez@cold-linklogistics.com,Mario,Cold-Link Logistics,FL-Logistics,r3511469731463421469
479,2026-05-21,drafted,mjohnson@cold-linklogistics.com,Michelle,Cold-Link Logistics,FL-Logistics,r1394392809390460643
480,2026-05-21,drafted,jcarvalho@bcindustrialsupply.com,Jon,"BC Industrial Supply, Inc.",FL-Logistics,r-6108604664821190774
481,2026-05-21,drafted,edebonis@nationalparcel.com,Erik,National Parcel Logistics Inc.,FL-Logistics,r7504276432324166829
482,2026-05-21,drafted,ccorry@starfreightllc.com,Chris,Star Freight LLC,FL-Logistics,r-8432949897691665260
483,2026-05-21,drafted,lee@veritread.com,Lee,VeriTread,FL-Logistics,r-8538152039068836444
484,2026-05-21,drafted,jjulian@ecuworldwide.us,James,ECU Worldwide USA,FL-Logistics,r-85065895662740338
485,2026-05-21,drafted,ppope@tampaport.com,Paul,Port Tampa Bay,FL-Logistics,r2309695759989900767
486,2026-05-21,drafted,jpommerenk@landstar-agent.com,Joseph,"Momentum Transportation USA, an award-winning Landstar Agent",FL-Logistics,r-1156196653033910519
487,2026-05-21,drafted,rob.brunton@transflo.com,Rob,Transflo,FL-Logistics,r-1775987019612444370
488,2026-05-21,drafted,cmoran@landstar-agent.com,Charles,"Momentum Transportation USA, an award-winning Landstar Agent",FL-Logistics,r6566825774229619280
489,2026-05-21,drafted,whutchinson@landstar-agent.com,Lizzy,"Momentum Transportation USA, an award-winning Landstar Agent",FL-Logistics,r873218011446637515
490,2026-05-21,drafted,mbonday@landstar-agent.com,Mark,"Momentum Transportation USA, an award-winning Landstar Agent",FL-Logistics,r205079806134803059
491,2026-05-21,drafted,hfuentes@skylease.aero,Hernan,Sky Lease Cargo,FL-Logistics,r8463425567937149074
492,2026-05-21,drafted,merady.smith@transflo.com,Merady,Transflo,FL-Logistics,r5583712983537867975
493,2026-05-21,drafted,bpetersen@versuscapital.com,Brian,Harrison Street Private Wealth,NV-CO-Finance,r1920608225108185212
494,2026-05-21,drafted,justin.hsu@chenco.com,Justin,Chenco Holdings,NV-CO-Finance,r-8995203659899608523
495,2026-05-21,drafted,stephanie.hess@nowcfo.com,Stephanie,NOW CFO,NV-CO-Finance,r2510962539234380715
496,2026-05-21,drafted,sbennewitz@eabuck.com,Scott,E.A. Buck Financial Services,NV-CO-Finance,r-7369139170806286672
497,2026-05-21,drafted,gvisconti@eabuck.com,Greg,E.A. Buck Financial Services,NV-CO-Finance,r-7093285201238550453
498,2026-05-21,drafted,eric.lougher@taskray.com,Eric,TaskRay,NV-CO-Finance,r3348826269053939537
499,2026-05-21,drafted,mjackson@spruceviewpartners.com,Miles,Spruceview Capital Partners LLC,NV-CO-Finance,r-5865863188931647608
500,2026-05-21,drafted,richard.lee@cynosuregroup.com,Richard,The Cynosure Group,NV-CO-Finance,r3501220366306054322
501,2026-05-21,drafted,nsteiner@cstoneholdings.com,Nick,Cornerstone Holdings,NV-CO-Finance,r-4557193074283483170
502,2026-05-21,drafted,mace.mcclatchy@blackcreekgroup.com,Mace,Ares Wealth Management Solutions,NV-CO-Finance,r4811596205565461155
503,2026-05-21,drafted,paulz@allencomm.com,Paul,AllenComm,NV-CO-Finance,r8967237413657716746
504,2026-05-21,drafted,lrincon@unitedaquagroup.com,Lee,United Aqua Group,NV-CO-Finance,r7190828947298094244
505,2026-05-21,drafted,kwax@intrinsicfirm.com,Kaylin,Intrinsic LLC,NV-CO-Finance,r8119320796415568400
506,2026-05-21,drafted,lpeters@geretycpa.com,Lourdes,Gerety & Associates CPAs,NV-CO-Finance,r3223955687980603646
507,2026-05-21,drafted,daryn@pineadvisorsolutions.com,Daryn,PINE Advisor Solutions,NV-CO-Finance,r-6247609169366571674
508,2026-05-21,drafted,david.bennett@cynosuregroup.com,David,The Cynosure Group,NV-CO-Finance,r-809716218212632588
509,2026-05-21,drafted,zach.larkin@cynosuregroup.com,Zach,The Cynosure Group,NV-CO-Finance,r8648102016641363980
510,2026-05-21,drafted,dstgermain@gartco.com,David,The Gart Companies,NV-CO-Finance,r-8774049106625144082
511,2026-05-21,drafted,scruggs@cynosuregroup.com,Bud,The Cynosure Group,NV-CO-Finance,r4440156718363998792
512,2026-05-21,drafted,brandon.muirhead@cynosuregroup.com,Brandon,The Cynosure Group,NV-CO-Finance,r8728497183775062171
513,2026-05-21,drafted,simon.brewer@clearone.com,Simon,ClearOne,NV-CO-Finance,r-4911115570669745334
514,2026-05-21,drafted,alice.chung@cynosuregroup.com,Alice,The Cynosure Group,NV-CO-Finance,r-7040876186999631424
515,2026-05-21,drafted,jason.cain@cynosuregroup.com,Jason,The Cynosure Group,NV-CO-Finance,r7536155500435996721
516,2026-05-21,drafted,keith.taylor@cynosuregroup.com,Keith,The Cynosure Group,NV-CO-Finance,r-3267521164682270353
517,2026-05-21,drafted,jenny.zhang@jfdi.co,Jenny,JFDI Accountants,NV-CO-Finance,r4867943468927204997
518,2026-05-21,drafted,jared.schumann@cynosuregroup.com,Jared,The Cynosure Group,NV-CO-Finance,r-603919104275959914
519,2026-05-21,drafted,liz.smoose@cynosuregroup.com,Elizabeth,The Cynosure Group,NV-CO-Finance,r4137679751811534016
520,2026-05-21,drafted,davis@bowrivercapital.com,Jamison,Bow River Capital,NV-CO-Finance,r-6776230378254317176
521,2026-05-21,drafted,rwilliams@cstoneholdings.com,Ryan,Cornerstone Holdings,NV-CO-Finance,r-7882226043760150518
522,2026-05-21,drafted,banderson@dfpg.com,Brad,Diversify,NV-CO-Finance,r-8724730400852898033
523,2026-05-21,drafted,bshepherd@srsacquiom.com,Bill,SRS Acquiom,NV-CO-Finance,r1951951601810819660
524,2026-05-21,drafted,msparrow@excellere.com,Mark,Excellere Partners,NV-CO-Finance,r4048854580364791885
525,2026-05-21,drafted,gcazier@wsrp.com,Garrett,Richey May Utah,NV-CO-Finance,r-5771486672464743934
526,2026-05-21,drafted,kphillips@kofirm.com,Katy,KO Law,NV-CO-Finance,r6076166902479600773
527,2026-05-21,drafted,swaterfield@diversify.com,Sam,Diversify,NV-CO-Finance,r-6617124245598557205
528,2026-05-21,drafted,pat.kendall@ascentris.com,Pat,Ascentris,NV-CO-Finance,r-2550112119074104488
529,2026-05-21,drafted,anthony.breault@ascentris.com,Anthony,Ascentris,NV-CO-Finance,r-3313625048076735320
530,2026-05-21,drafted,tricia.noble@ascentris.com,Tricia,Ascentris,NV-CO-Finance,r4272482097796256305
531,2026-05-21,drafted,gsand@foreproperty.com,Greg,Fore Property,NV-CO-Finance,r2088467849427550445
532,2026-05-21,drafted,hdixon@intrinsicfirm.com,Helen,Intrinsic LLC,NV-CO-Finance,r2487324099719995962
533,2026-05-21,drafted,brian.fleming@tac-denver.com,Brian,The Anschutz Corporation,NV-CO-Finance,r1152689510965317982
534,2026-05-21,drafted,jeff.higgins@ascentris.com,Jeff,Ascentris,NV-CO-Finance,r-8021840746580225470
535,2026-05-21,drafted,asnow@intrinsicfirm.com,Alisa,Intrinsic LLC,NV-CO-Finance,r5383149782508533991
536,2026-05-21,drafted,hpressler@spruceviewpartners.com,Hannah,Spruceview Capital Partners LLC,NV-CO-Finance,r3021252804561187177
537,2026-05-21,drafted,denis.curran@ascentris.com,Denis,Ascentris,NV-CO-Finance,r-2435682922710748922
538,2026-05-21,drafted,hgoncu@versuscapital.com,Hasan,Harrison Street Private Wealth,NV-CO-Finance,r5340537054332009066
539,2026-05-21,drafted,acalender@mountaingate.com,Amanda,Mountaingate Capital,NV-CO-Finance,r3179400414305747851
540,2026-05-21,drafted,aevans@harrisonstpw.com,Adam,Harrison Street Private Wealth,NV-CO-Finance,r4351865221482709517
541,2026-05-21,drafted,mikem@sealyinvestmentsecurities.com,Mike,Harrison Street Private Wealth,NV-CO-Finance,r-7164856672340887519
542,2026-05-21,drafted,peter.savoie@ascentris.com,Peter,Ascentris,NV-CO-Finance,r2385480955781296515
543,2026-05-21,drafted,cbush@tannerco.com,Crystal,Tanner,NV-CO-Finance,r2051641572424486011
544,2026-05-21,drafted,mayra.chimienti@villagepet.com,Mayra,Village Pet Care,NV-CO-Finance,r-7893322113254688145
545,2026-05-21,drafted,scott@thebackroomop.com,Scott,The Back Room Offshoring Inc.,NV-CO-Finance,r-2052309649187261473
546,2026-05-21,drafted,fred.liao@chenco.com,Fred,Chenco Holdings,NV-CO-Finance,r-614401214138519326
547,2026-05-21,drafted,bgochnour@boyercompany.com,Brian,The Boyer Company,NV-CO-Finance,r-8598292003382346480
548,2026-05-21,drafted,lino@chickpea.la,Lino,Chickpea - Financial Services,NV-CO-Finance,r-4715046305295549962
549,2026-05-21,drafted,blanier@mercatopartners.com,Brian,Mercato Partners,NV-CO-Finance,r6363056637310953482
550,2026-05-21,drafted,zeke.youd@nowcfo.com,Zeke,NOW CFO,NV-CO-Finance,r-4228267630834414626
551,2026-05-21,drafted,gbucsek@kpk.com,Genevieve,"K.P. Kauffman Company, Inc.",NV-CO-Finance,r-7611068433053892824
552,2026-05-21,drafted,rring@efcg.com,Renee,"Environmental Financial Consulting Group, LLC (EFCG)",NV-CO-Finance,r8528569510528998534
553,2026-05-21,drafted,shawn.dinkelman@nowcfo.com,Shawn,NOW CFO,NV-CO-Finance,r5821564035520293692
554,2026-05-21,drafted,jphillippi@larsco.com,Jim,Larson & Company,NV-CO-Finance,r-8857248773163845610
555,2026-05-21,drafted,brian.thull@nowcfo.com,Brian,NOW CFO,NV-CO-Finance,r3435727114037798609
556,2026-05-21,drafted,chuck.ryba@essexfs.com,Chuck,Essex Financial Services LLC,NV-CO-Finance,r-1376613042604416388
557,2026-05-21,drafted,nolen.taylor@kslcapital.com,Nolen,KSL Capital Partners,NV-CO-Finance,r-8008243800770935252
558,2026-05-21,drafted,nick.jankovsky@actionstep.com,Nick,Actionstep,NV-CO-Finance,r5848329240569332901
559,2026-05-21,drafted,msiler@grandpeaks.com,Max,Grand Peaks,NV-CO-Finance,r-1368834716858781024
560,2026-05-21,drafted,ryan.macia@suralink.com,Ryan,Suralink,NV-CO-Finance,r-2083397490977150160
561,2026-05-21,drafted,jreingardt@northwoodinvestors.com,Jacob,Northwood Investors LLC,NV-CO-Finance,r-870839791664630227
562,2026-05-21,drafted,bmontgomery@mlholdings.com,Barton,ML Holdings Company,NV-CO-Finance,r581606288019392286
563,2026-05-21,drafted,spencer.butler@benfinancial.com,Spencer,Beneficial Financial Group,NV-CO-Finance,r-1206749911068820918
564,2026-05-21,drafted,kathleen@highcountrysearch.com,Kathleen,High Country Search Group,NV-CO-Finance,r-1721716097608420505
565,2026-05-21,drafted,chris@pineadvisorsolutions.com,Chris,PINE Advisor Solutions,NV-CO-Finance,r-5831041887436080067
566,2026-05-21,drafted,kvolkert@paytech-inc.com,Karen,PayTech,NV-CO-Finance,r2574533368239805040
567,2026-05-21,drafted,dgriffiths@tannerco.com,Dan,Tanner,NV-CO-Finance,r6356510662584651016
568,2026-05-21,drafted,scott.kinnersley@villagepet.com,Scott,Village Pet Care,NV-CO-Finance,r-4718770792000273575
569,2026-05-21,drafted,jheld@bowrivercapital.com,Jeremy,Bow River Capital,NV-CO-Finance,r8148364102285394673
570,2026-05-21,drafted,jarin.dana@fusionhcs.com,Jarin,Fusion Healthcare Staffing,NV-CO-Finance,r7800271484987392864
571,2026-05-21,drafted,pmcauliffe@forumig.com,Paul,Forum Investment Group,NV-CO-Finance,r-385985108265008332
572,2026-05-21,drafted,john.ryu@simplify.us,John,Simplify Asset Management,NV-CO-Finance,r-4847020952761156455
573,2026-05-21,drafted,nurit.gurkov@saltlending.com,Nurit,SALT Lending,NV-CO-Finance,r-4544602196072377045
574,2026-05-21,drafted,hiatrides@bowrivercapital.com,Gregory,Bow River Capital,NV-CO-Finance,r8869027544468200361
575,2026-05-21,drafted,kmaduell@swfinstitute.org,Karen,Sovereign Wealth Fund Institute (SWFI),NV-CO-Finance,r3094564937406939791
576,2026-05-21,drafted,gabriel@aetrust.com,Gabriel,American Estate & Trust,NV-CO-Finance,r4648836453079024867
577,2026-05-21,drafted,mmorton@richeymay.com,Max,Richey May Utah,NV-CO-Finance,r6533305247561902914
578,2026-05-21,drafted,aprilm@millerfrishman.com,April,Miller Frishman Group LLC,NV-CO-Finance,r-1953858218188000600
579,2026-05-21,drafted,masoudpour@bowrivercapital.com,Shayan,Bow River Capital,NV-CO-Finance,r2359676086863953342
580,2026-05-21,drafted,kpepperman@mlholdings.com,Kathy,ML Holdings Company,NV-CO-Finance,r2805804333550987456
581,2026-05-21,drafted,ecrawford@platteriverequity.com,Eric,Platte River Equity,NV-CO-Finance,r-1548938264919692428
582,2026-05-21,drafted,dan.mahoney@greatgray.com,Dan,Great Gray Trust Company,NV-CO-Finance,r-2156543126325866815
583,2026-05-21,drafted,sharma@bowrivercapital.com,Gaurav,Bow River Capital,NV-CO-Finance,r6236898126031262252
584,2026-05-21,drafted,lbeller@meritagefunds.com,Laura,Meritage,NV-CO-Finance,r-5865844435637346363
585,2026-05-21,drafted,bob.purcell@lightspeeddms.com,Robert,Lightspeed DMS,NV-CO-Finance,r6138634630258968243
586,2026-05-21,drafted,marvin.galang@thebackroomop.com,Marvin,The Back Room Offshoring Inc.,NV-CO-Finance,r5886067574467304189
587,2026-05-21,drafted,gboyd@newchartertech.com,Geoff,New Charter Technologies,NV-CO-Finance,r5753101229039809725
588,2026-05-21,drafted,brian@luxuryassetcapital.com,Brian,Luxury Asset Capital,NV-CO-Finance,r7065048101979593407
589,2026-05-21,drafted,mvalenti@rcflp.com,Michele,Resource Capital Funds,NV-CO-Finance,r8002601043482998422
590,2026-05-21,drafted,michelle.brown@pinsight.com,Michelle,Pinsight,NV-CO-Finance,r8916285146039195604
591,2026-05-21,drafted,sschnabolk@ibexinvestors.com,Stuart,Ibex Investors,NV-CO-Finance,r-221283115482729276
