category,title,company_or_agency,rate_or_budget,location,posted_date,link,contact_email,contact_phone,apply_method,description_snippet,priority
gov_contract,7D20--Abacus Visual Playbook Builder and Automation Orchestrator  (VA-26-00041469),TECHNOLOGY ACQUISITION CENTER NJ (36C10B),Gov Sources Sought,US-Various,2026-06-04,https://sam.gov/opp/1ac53954770b47ce8db9ad86c04d79df/view,,,sam.gov RFP,See attached Questions and Answers [SAM.gov],HOT
gov_contract,DA10--Hologic  Inc.  Genius AI Detection License 2.0 Software  Service,262-NETWORK CONTRACT OFFICE 22 (36C262),Gov contract (RFP),US-Various,2026-05-29,https://sam.gov/opp/bb984fc42d4a44468c931a4ba384ea05/view,,,sam.gov RFP,Page 1 of 1 Page 1 of 1 Amendment 36C26226Q0768 0001 This Amendment to RFQ 36C26226Q0768 intended to: Include the Brand Name Justification Document. S [SAM.gov],HOT
gov_contract,OpenEye Software Annual Licenses,U.S. Federal,Gov contract (RFP),US-Various,2026-05-29,https://sam.gov/opp/4f87a96ff83a4d5082daa5271ed03161/view,,,sam.gov RFP,This requirement supports ongoing translational science and drug discovery activities conducted by Early Translation Branch (ETB)  Chemical Genomics B [SAM.gov],HOT
gov_contract,USCG Request for Quotation for FY26 Teledyne INVS Gold Service,C5I DIVISION 2 KEARNEYSVILLE,Gov contract (RFP),US-Various,2026-06-04,https://sam.gov/opp/4f27c2533e434edd856f3b49e0c344a2/view,,,sam.gov RFP,***Solicitation Amendment 04 June 2026***&nbsp; This solicitation is being amended to incorporate Attachment 1a- U.S. Coast Guard Sites_ 06.04.2026 UP [SAM.gov],HOT
gov_contract,DE01--EEG Closed Caption Pro Encoders Support (VA-26-00048876) |  POP :  08-03-2026 to 08-02-2027| Avery/Morgan,PCAC HEALTH INFORMATION (36C776),Gov contract (RFP),US-Various,2026-06-01,https://sam.gov/opp/303c304326ac43239e8f1fa3ed0f170d/view,,,sam.gov RFP,The purpose of this amendment is to update the Product Description. Changes are highlighted. The response date is extended to 6/5/26 at 13:00 EST. All [SAM.gov],HOT
gov_contract,Technical Consultant - Potash Mining Consultant,OFFICE OF ACQUISITION,Gov contract (RFP),US-Various,2026-06-02,https://sam.gov/opp/aa258a33dc0d4e8b8614da8d9394de13/view,,,sam.gov RFP,As the U.S. Government&#39;s development finance agency  the United States International Development Finance Corporation (DFC) mobilizes U.S. private  [SAM.gov],HOT
gov_contract,Student Information System (SIS) Modernization and Sustainment,FA3300  42 CONS CC,Gov Sources Sought,US-Various,2026-05-29,https://sam.gov/opp/aa4f493c928e44c8a82fc3ffdcc2ce04/view,,,sam.gov RFP,The 42d Contracting Squadron  Maxwell AFB  AL is seeking sources that perform the tasks necessary to modernize  sustain  and support the AU Student In [SAM.gov],HOT
gov_contract,Morris-Systems Inventory Management Software,U.S. Federal,Gov Special Notice,US-Various,2026-06-01,https://sam.gov/opp/9ffcfe24ff0240989edac757ee14bbb5/view,,,sam.gov RFP,The Department of Health and Human Services (HHS)  Indian Health Service (IHS)  &nbsp;Woodrow Wilson Keeble Memorial Health Care Center at Sisseton  S [SAM.gov],HOT
gov_contract,Newspaper Digitization,FA5004  354 CONS PK,Gov contract (RFP),US-Various,2026-06-01,https://sam.gov/opp/eeda7d13cc1a4cdbb60dae9c4b1884a8/view,,,sam.gov RFP,&nbsp; &nbsp; &nbsp; &nbsp; &nbsp; &nbsp; &nbsp; &nbsp; &nbsp; &nbsp; &nbsp; &nbsp; &nbsp; &nbsp; &nbsp; &nbsp; &nbsp; &nbsp; &nbsp; &nbsp; &nbsp; &nb [SAM.gov],HOT
gov_contract,D--Hydrologic Database On-Call Support Services,LOWER COLORADO REGIONAL OFFICE,Gov contract (RFP),US-Various,2026-06-04,https://sam.gov/opp/08c4e072c1824308805611a57b68ea03/view,,,sam.gov RFP,Hydrologic Database On-Call Support Services Amendment 01: The purpose of this amendment is to incorporate the following: A. Questions and Answers_000 [SAM.gov],HOT
gov_contract,MTS Software Support Plan Renewal,NASA SHARED SERVICES CENTER,Gov contract (RFP),US-Various,2026-06-04,https://sam.gov/opp/31edebce5a3c4fb19a0d0e3ef185079d/view,,,sam.gov RFP,** THIS IS A SOLE SOURCE REQUIREMENT ** for&nbsp;MTS Software Support Plan Renewal [SAM.gov],HOT
gov_contract,7A--M-Pages Code Optimization land surveying software,DEPT OF COMMERCE NOAA,Gov contract (RFP),US-Various,2026-06-01,https://sam.gov/opp/db0747875ad44f96954232246c33096e/view,,,sam.gov RFP,*Amendment 0001: Q&A and due date extension* Code Optimization and Updating for M-Pages and other in-house land surveying software maintained by the N [SAM.gov],HOT
gov_contract,Call 002 DSO CSO 2 Step Call TAK (Team Awareness Kit),FA8730  KESSEL RUN AFLCMC/HBBK,Gov contract (RFP),US-Various,2026-06-04,https://sam.gov/opp/0617de02d40f48e7a64ec66f42ff2421/view,,,sam.gov RFP,4 JUNE 2026 This posting is being modified to include one attachment titled &quot; Questions and Answers 2 - 4 JUN 2026 &quot;  contained questions 6- [SAM.gov],HOT
gov_contract,RFQ sole source ViaSAT,NAVSUP FLT LOG CTR NORFOLK,Gov contract (RFP),US-Various,2026-06-04,https://sam.gov/opp/9116109e0b974820ac1523be96478c58/view,,,sam.gov RFP,RFQ Sole Source ViaSat is hereby attached. [SAM.gov],HOT
gov_contract,Sources sought for Radiology Dictation Software VMware,PROGRAM SUPPORT CENTER ACQ MGMT SVC,Gov Sources Sought,US-Various,2026-06-02,https://sam.gov/opp/91a4044b45b64c018e39f11b4a719d20/view,,,sam.gov RFP,See attached SOW&nbsp; [SAM.gov],HOT
gov_contract,Premium Simulation Technical Support Package,OFFICE OF THE SECRETARY,Gov Special Notice,US-Various,2026-06-02,https://sam.gov/opp/52ee59e7498541968356362a5fa3c71c/view,,,sam.gov RFP,Sa fran Federal Systems INC is the incumbent contractor of the Premium Simulation Technical Support Package with no authorized resellers. This is NOT  [SAM.gov],HOT
gov_contract,License & service maintenance: IBM Rational DOORS Requirements Management Software,NSWC PHILADELPHIA DIV,Gov contract (RFP),US-Various,2026-06-01,https://sam.gov/opp/81ecc9ff1f8d4902872c85b9e418bd99/view,,,sam.gov RFP,IBM Rational Dynamic Object-Oriented Requirements System (DOORS) is a software application that provides capabilities to define and manage requirement [SAM.gov],HOT
gov_contract,CASU TECHNICAL AND PROGRAM SUPPORT SERVICES FOR THE BASE REALIGNMENT AND CLOSURE PROGRAM MANAGEMENT OFFICE (BRAC PMO),NAVFACSYSCOM SOUTHWEST,Gov contract (RFP),US-Various,2026-06-04,https://sam.gov/opp/19fcf7847a3d4becae1f1898492cda30/view,,,sam.gov RFP,ACTIVE 8(a) PRIME SEAPORT MAC CONTRACT HOLDERS ONLYSolicitation No.: N6247326R3101 (SOURCES SOUGHT SOLICITATION No. N6247326R0027)CASU TECHNICAL AND P [SAM.gov],HOT
gov_contract,Southeast Regional Architecture Engineering 2 (SERAE 2) Indefinite Delivery Indefinite Quantity (IDIQ) contract,NASA KENNEDY SPACE CENTER,Gov contract (RFP),US-Various,2026-06-02,https://sam.gov/opp/932252e525f5411fa76004b06d3d6243/view,,,sam.gov RFP,This acquisition is for a regional multiple award  indefinite-delivery indefinite-quantity (IDIQ) contract for&nbsp;Architecture and Engineering servi [SAM.gov],HOT
gov_contract,Notification of the SEC’s Intent to Award a Single Source Purchase Order to Allium Labs  Inc.,SECURITIES AND EXCHANGE COMMISSION,Gov Presolicitation,US-Various,2026-06-02,https://sam.gov/opp/9d35fa2f017d45dab534db21eb9951e0/view,,,sam.gov RFP,The U.S. Securities and Exchange Commission (SEC) intends to award a firm-fixed-price purchase order on a sole source basis to Allium Labs  Inc.  169  [SAM.gov],HOT
gov_contract,NIH Common Fund OSC Share Point Support Bridge Contract,U.S. Federal,Gov Presolicitation,US-Various,2026-06-05,https://sam.gov/opp/ba800d21ccea4286b6612a401b800b84/view,,,sam.gov RFP,1.0 DESCRIPTION: The Department of Health and Human Services (HHS)  National Institutes of Health (NIH)  Office of the Director (OD)  Division of Prog [SAM.gov],HOT
gov_contract,DA01--VA Enterprise Artificial Intelligence (VA-26-00070193),TECHNOLOGY ACQUISITION CENTER NJ (36C10B),Gov Sources Sought,US-Various,2026-06-04,https://sam.gov/opp/634c8faf6b9d4171bcf6873e153258ed/view,,,sam.gov RFP,Please use the drop down box to select the most current version of the RFI.&nbsp; [SAM.gov],HOT
gov_contract,MEIDS Genesis 64 and SupportWorX Enterprise Software License Agreement Renewal,W2V6 USA ENG SPT CTR HUNTSVIL,Gov contract (RFP),US-Various,2026-05-28,https://sam.gov/opp/b3e7229fbad54cf98527b9eafd5f0ac0/view,,,sam.gov RFP,Combined Synopsis/Solicitation &amp; Notice of Intent to Sole Source This is a combined synopsis/solicitation for commercial products prepared in acco [SAM.gov],HOT
gov_contract,D--SOURCES SOUGHT - Land Use Modeling,OFFICE OF ACQUISITON  GRANTS,Gov Special Notice,US-Various,2026-06-01,https://sam.gov/opp/4e74cbfa164b41b3816f06d4d0f49526/view,,,sam.gov RFP,**** Responses due Tuesday  06/09/2026  at 10:00am PD **** Sources Sought The U.S. Geological Survey (USGS) is conducting market research to determine [SAM.gov],HOT
gov_contract,J065--PYXIS Maintenance Support Services - New Requirement,TECHNOLOGY ACQUISITION CENTER NJ (36C10B),Gov contract (RFP),US-Various,2026-06-01,https://sam.gov/opp/4b51679563ba45559610de64dd3598ff/view,,,sam.gov RFP,See attached. This is a combined synopsis/solicitation. [SAM.gov],HOT
gov_contract,J059--Nurse Call Upgrade B330  Floors 3 4 6 7 8 & B320,250-NETWORK CONTRACT OFFICE 10 (36C250),Gov Sources Sought,US-Various,2026-06-01,https://sam.gov/opp/7a010c2002ed4404be86e3a863a06eb6/view,,,sam.gov RFP,The Network Contracting Office (NCO-10) is seeking to identify vendors for performing the following services  replacement of Rauland Responder IV Nurs [SAM.gov],HOT
gov_contract,Industry Day and Presolicitation Notice HITS-UIII,W2R2 USA ENGR R AND D CTR,Gov Presolicitation,US-Various,2026-06-04,https://sam.gov/opp/b5a47763dfcf485ba72d01fe6410481b/view,,,sam.gov RFP,NOTE: THIS ANNOUNCEMENT HAS CHANGED 04 JUNE 2026 Presolicitation  Industry Day Announcement  Draft PWS &ndash; High Performance Modernization Computin [SAM.gov],HOT
gov_contract,Geospatial Intelligence (GEOINT),NAVSUP FLT LOG CTR NORFOLK,Gov Sources Sought,US-Various,2026-06-04,https://sam.gov/opp/f3f61342f82b4f0793bf51918457993c/view,,,sam.gov RFP,This Sources Sought Notice is for planning purposes only and shall not be considered as an Invitation for Bid  Request for Quotation  Request for Prop [SAM.gov],HOT
gov_contract,Mortgage Prepayment Reports,FEDERAL HOUSING FINANCE AGENCY  OBFM,Gov contract (RFP),US-Various,2026-06-04,https://sam.gov/opp/0c63710e54df4d4da77bb443658215d1/view,,,sam.gov RFP,6/4/2026 - Amendment #1 is issued to add a term to Attachment B - Terms and Conditions and to post the Answers to the Questions posed against the soli [SAM.gov],HOT
gov_contract,Intent to Sole Source VFA Capital Planning Database Subscription,FDA Office of Acquisitions and Grants Services,Gov Special Notice,US-Various,2026-05-29,https://sam.gov/opp/76f637ffb3b447f1bcb54fab93ec9dd9/view,,,sam.gov RFP,The FDA / Office of the Commissioner (OC) / Engineering Management Branch (EMB) requires a comprehensive facility condition and capital project planni [SAM.gov],HOT
gov_contract,Notice of Intent to Solicit From a Single Source - Teel  Inc.,INVESTIGATIONS AND OPERATIONS SUPPORT DALLAS,Gov Special Notice,US-Various,2026-06-05,https://sam.gov/opp/6899c2ff505540e3a311dc67907141bc/view,,,sam.gov RFP,The U.S. Department of Homeland Security (DHS)  Homeland Security Investigations (HSI)  Office of Acquisition Management (OAQ) intends to solicit from [SAM.gov],HOT
gov_contract,NH-139 VTC UPGRADE,NAVSUP FLT LOG CTR NORFOLK,Gov contract (RFP),US-Various,2026-06-04,https://sam.gov/opp/c387d4f040c94ad5b62380d22a76018c/view,,,sam.gov RFP,Q&amp;A Being Provided.&nbsp; NH-139 VTC Upgrade for Command Conference Room 176; Command Auditorium RM 177 and; Visiting Flag Officer Conference RM 1 [SAM.gov],HOT
gov_contract,Zero- dollar Request for Information- User Activit,SSA OFC OF ACQUISITION  GRANTS,Gov contract (RFP),US-Various,2026-06-03,https://sam.gov/opp/13fded46037c4b25b4444771c621173d/view,,,sam.gov RFP,RFI to gather vendor information for User Activity Monitoring (UAM) with capabilities to enhance agency Insider Threat Program to deter  detect  mitig [SAM.gov],HOT
gov_contract,7A21--Computrition Software for the Veterans Healthcare System for  the Veteran's Healthcare System of the Ozarks with a base  year plus (4) year ordering periods. Fayetteville AR  72703,256-NETWORK CONTRACT OFFICE 16 (36C256),Gov Presolicitation,US-Various,2026-06-03,https://sam.gov/opp/ca83a31d1df34ef5b124ac30e69ebea1/view,,,sam.gov RFP,STATEMENT OF WORK This solicitation uses a Brand Name or Equal Description of the product required. This permits prospective contractors to offer prod [SAM.gov],HOT
gov_contract,7H20--NEW TO -Enterprise QA Software System & Repository  (VA-26-00052553),TECHNOLOGY ACQUISITION CENTER NJ (36C10B),Gov Presolicitation,US-Various,2026-06-03,https://sam.gov/opp/6c358047c0e44a99b630af0881b35073/view,,,sam.gov RFP,See attached RFI documents. [SAM.gov],HOT
gov_contract,FUSION SUPPORT - system analysis  software and system engineering and analysis  development  application and customization  and technical writing services.,SOUTHWEST REGIONAL MAINT CENTER,Gov Sources Sought,US-Various,2026-06-03,https://sam.gov/opp/91d385ccc28a474fb3fb90b7a71a8d3c/view,,,sam.gov RFP,AMENDMENT 001:&nbsp; The purpose of this amendment is to inform interested parties that the current incumbent contractor is INNOVATUS TECHNOLOGY CONSU [SAM.gov],HOT
gov_contract,CNAP FLAG SUPPORT SERVICES,NAVSUP FLT LOG CTR  SAN DIEGO,Gov contract (RFP),US-Various,2026-06-02,https://sam.gov/opp/81ce9e6ad8674ef389980d859ed102a3/view,,,sam.gov RFP,***This opportunity is restricted to SeaPort NxG MAC contract holders Only*** * NAVSUP Fleet Logistics Center San Diego is issuing a solicitation as c [SAM.gov],HOT
gov_contract,16WS Cloud Platform BPA,FA4600  55 CONS  PKP,Gov Sources Sought,US-Various,2026-05-27,https://sam.gov/opp/fefa7545caa14ba1b004518c77dd80ed/view,,,sam.gov RFP,55 CONS is conducting a Sources Sought to determine the interest and availability of vendors for a Firm Fixed Price (FFP) Blanket Purchase agreement f [SAM.gov],HOT
cloud_devops,Senior Solutions Engineer (API  Python  Node.JS),Binance,,Remote,2026-06-05,https://weworkremotely.com/remote-jobs/binance-senior-solutions-engineer-api-python-node-js,,,platform,Remote DevOps/SysAdmin role. [WeWorkRemotely],WARM
cloud_devops,DevOps Engineer - EMEA/US Shift,BlueMatrix,,Remote,2026-06-05,https://weworkremotely.com/remote-jobs/bluematrix-devops-engineer-emea-us-shift,,,platform,Remote DevOps/SysAdmin role. [WeWorkRemotely],WARM
cloud_devops,Technical Product Lead for Innovative Telecom Services - 100% Remote - 6 hours per day,Lightup Network Solutions GmbH &amp; Co. KG,,Remote,2026-06-05,https://weworkremotely.com/remote-jobs/lightup-network-solutions-gmbh-co-kg-technical-product-lead-for-innovative-telecom-services,,,platform,Remote DevOps/SysAdmin role. [WeWorkRemotely],WARM
cloud_devops,Mac MSP Help Desk Guru (work from home),Ignition  Inc.,,Remote,2026-06-05,https://weworkremotely.com/remote-jobs/ignition-inc-mac-msp-help-desk-guru-work-from-home,,,platform,Remote DevOps/SysAdmin role. [WeWorkRemotely],WARM
cloud_devops,Director  AI Product Development,Centralreach,,Remote,2026-06-05,https://weworkremotely.com/remote-jobs/centralreach-director-ai-product-development,,,platform,Remote DevOps/SysAdmin role. [WeWorkRemotely],WARM
cloud_devops,[Cubos DevOps] Pessoa Engenheira de DevOps Pleno,Cubos Tecnologia,,Remote,2026-06-05,https://weworkremotely.com/remote-jobs/cubos-tecnologia-cubos-devops-pessoa-engenheira-de-devops-pleno,,,platform,Remote DevOps/SysAdmin role. [WeWorkRemotely],WARM
cloud_devops,Profissional IaC| DevOps,Radix,,Remote,2026-06-05,https://weworkremotely.com/remote-jobs/radix-profissional-iac-devops,,,platform,Remote DevOps/SysAdmin role. [WeWorkRemotely],WARM
cloud_devops,DevOps Engineer,Alice,,Remote,2026-06-05,https://weworkremotely.com/remote-jobs/alice-devops-engineer,,,platform,Remote DevOps/SysAdmin role. [WeWorkRemotely],WARM
cloud_devops,Platform Engineer,Catamaran Research,,Remote,2026-06-05,https://weworkremotely.com/remote-jobs/catamaran-research-platform-engineer,,,platform,Remote DevOps/SysAdmin role. [WeWorkRemotely],WARM
cloud_devops,Business Transformation Lead,Expion Health,$175k - $225k,USA,2026-05-13,https://remotive.com/remote-jobs/artificial-intelligence/business-transformation-lead-2090881,,,platform,[Remotive],WARM
cloud_devops,iOS Developer,nooro,$60k-$130k (depending on experience),USA,2026-05-09,https://remotive.com/remote-jobs/software-development/ios-developer-1956455,,,platform,[Remotive],WARM
helpdesk_remote,Remote IT Help Desk roles (628 openings),Indeed,varies,US-Remote,2026-06-05,https://www.indeed.com/q-remote-it-help-desk-jobs.html,,,browse,628 live remote help desk openings on Indeed; filter by rate. [Indeed],WARM
other,Software-Ingenieur PCS7 Elektrotechnik (m/w/d),KURT Personal GmbH,,Pinneberg,2026-06-05,https://www.arbeitnow.com/jobs/companies/kurt-personal-gmbh/software-ingenieur-pcs7-elektrotechnik-pinneberg-198110,,,platform,[Arbeitnow],WARM
other,Level 2 - SOC Analyst (m/w/d),Kompetenzzentrum Digitale Wasserwirtschaft gemeinnützige GmbH,,Essen,2026-06-05,https://www.arbeitnow.com/jobs/companies/kompetenzzentrum-digitale-wasserwirtschaft-gemeinnutzige-gmbh/level-2-soc-analyst-essen-263719,,,platform,[Arbeitnow],WARM
other,Bereichsleitung Cybersecurity & Quality Governance (m/w/d) | Berlin,INDIE Solutions GmbH,,Berlin,2026-06-05,https://www.arbeitnow.com/jobs/companies/indie-solutions-gmbh/bereichsleitung-cybersecurity-quality-governance-berlin-135,,,platform,[Arbeitnow],WARM
other,Cofounder - Head of Risk & Actuarial,WorkAbroad,,Düsseldorf,2026-06-05,https://www.arbeitnow.com/jobs/companies/workabroad/cofounder-head-of-risk-actuarial-dusseldorf-253658,,,platform,[Arbeitnow],WARM
remote_contract,Go.Shop | Product Builder — Growth Channels | Remote (GMT to GMT+8  London trave,(HN WhoIsHiring Jun26),,Remote,2026-06-05,https://news.ycombinator.com/item?id=48357754,,,see post,Go.Shop | Product Builder — Growth Channels | Remote (GMT to GMT+8  London travel) | REMOTE Go.Shop is the AI-powered platform enabling crea [HN],WARM
remote_contract,Starbridge | Senior Engineers (Kotlin&#x2F;Java&#x2F;React&#x2F;Typescript) | NY,(HN WhoIsHiring Jun26),,Remote,2026-06-05,https://news.ycombinator.com/item?id=48357761,,,see post,Starbridge | Senior Engineers (Kotlin&#x2F;Java&#x2F;React&#x2F;Typescript) | NYC or Remote | Full-time | [starbridge.ai]( https:&#x2F;&#x2F [HN],WARM
remote_contract,CHEERS.FAN #1 | Founding Infrastructure Engineers | Bay Area &#x2F; Remote CHEER,(HN WhoIsHiring Jun26),,Remote,2026-06-05,https://news.ycombinator.com/item?id=48357963,,,see post,CHEERS.FAN #1 | Founding Infrastructure Engineers | Bay Area &#x2F; Remote CHEERS.FAN #1 is an early-stage company exploring infrastructure  [HN],WARM
remote_contract,MixRank (YC S11) | Software Engineers | 100% Remote (Global) | Full-Time MixRank,(HN WhoIsHiring Jun26),,Remote,2026-06-05,https://news.ycombinator.com/item?id=48357992,,,see post,MixRank (YC S11) | Software Engineers | 100% Remote (Global) | Full-Time MixRank processes petabytes of data every month through web crawlin [HN],WARM
remote_contract,Sumble | Multiple Roles | Remote (US)| Full-time Sumble is the newco from the fo,(HN WhoIsHiring Jun26),,Remote,2026-06-05,https://news.ycombinator.com/item?id=48358075,,,see post,Sumble | Multiple Roles | Remote (US)| Full-time Sumble is the newco from the founders of Kaggle. We are hiring full stack engineers  ai&#x2 [HN],WARM
remote_contract,Hiring: Senior Data Engineer ($170-190k)  Senior DevOps Engineer ($180-225k)  Se,(HN WhoIsHiring Jun26),,Remote,2026-06-05,https://news.ycombinator.com/item?id=48358146,,,see post,Hiring: Senior Data Engineer ($170-190k)  Senior DevOps Engineer ($180-225k)  Senior DevOps Engineer - Infrastructure &amp; MLOps ($180-225k [HN],WARM
remote_contract,Fastly | Software Engineers (Senior  Staff  Principal) | REMOTE (US  UK  EU) or ,(HN WhoIsHiring Jun26),,Remote,2026-06-05,https://news.ycombinator.com/item?id=48358160,,,see post,Fastly | Software Engineers (Senior  Staff  Principal) | REMOTE (US  UK  EU) or ONSITE | Full-time When you look at the headers of major web [HN],WARM
remote_contract,MongoDB | Senior&#x2F;Staff&#x2F;Lead Site Reliability Engineers (SRE) and Infra,(HN WhoIsHiring Jun26),,Remote,2026-06-05,https://news.ycombinator.com/item?id=48358185,,,see post,MongoDB | Senior&#x2F;Staff&#x2F;Lead Site Reliability Engineers (SRE) and Infra SWE  Multiple Teams | REMOTE (US) or HYBRID (NYC  Dublin) | [HN],WARM
remote_contract,Hotwash | Founding Engineer (→ CTO for the right person) | REMOTE (US)  Boston a,(HN WhoIsHiring Jun26),,Remote,2026-06-05,https://news.ycombinator.com/item?id=48358328,,,see post,Hotwash | Founding Engineer (→ CTO for the right person) | REMOTE (US)  Boston a plus | Full-time I&#x27;m a solo founder. I built the entir [HN],WARM
remote_contract,Blackshark AI | Software Engineers &amp; Platform Engineers | Full-time | Austri,(HN WhoIsHiring Jun26),,Remote,2026-06-05,https://news.ycombinator.com/item?id=48358386,,,see post,Blackshark AI | Software Engineers &amp; Platform Engineers | Full-time | Austria or Remote EU | VISA sponsorship available We build geospat [HN],WARM
remote_contract,*Scribd | Lead Product Manager  AI Developer Platform | US  Canada | REMOTE* Scr,(HN WhoIsHiring Jun26),,Remote,2026-06-05,https://news.ycombinator.com/item?id=48358657,,,see post,*Scribd | Lead Product Manager  AI Developer Platform | US  Canada | REMOTE* Scribd  Inc. is on a mission to advance human understanding. Ou [HN],WARM
remote_contract,Emergences Labs (emergences.ai) | AI &#x2F; Systems Engineer — NeoHuman | REMOTE,(HN WhoIsHiring Jun26),,Remote,2026-06-05,https://news.ycombinator.com/item?id=48358775,,,see post,Emergences Labs (emergences.ai) | AI &#x2F; Systems Engineer — NeoHuman | REMOTE (US) | Full-time | $120K-$150K + equity | Visa sponsorship  [HN],WARM
remote_contract,DrSwarm | Founding Engineer (Full-Stack) | REMOTE (US or LATAM; must overlap wit,(HN WhoIsHiring Jun26),,Remote,2026-06-05,https://news.ycombinator.com/item?id=48358793,,,see post,DrSwarm | Founding Engineer (Full-Stack) | REMOTE (US or LATAM; must overlap with US Pacific hours) | Full-time or Contract to Full-time DrS [HN],WARM
remote_contract,Baton | San Francisco  CA (Hybrid) and Remote | Full-Time Baton (baton.io) is Ry,(HN WhoIsHiring Jun26),,Remote,2026-06-05,https://news.ycombinator.com/item?id=48358820,,,see post,Baton | San Francisco  CA (Hybrid) and Remote | Full-Time Baton (baton.io) is Ryder&#x27;s in-house product development group focused on har [HN],WARM
remote_contract,GetDynasty.com | Engineering (In-Person San Fransisco or US Remote initially OK),(HN WhoIsHiring Jun26),,Remote,2026-06-05,https://news.ycombinator.com/item?id=48358939,,,see post,GetDynasty.com | Engineering (In-Person San Fransisco or US Remote initially OK) | Junior Engineer | $100k-$120k + equity Dynasty helps star [HN],WARM
remote_contract,Neuro Health Collective | Washington DC Metro or REMOTE (US) | FOUNDING Employee,(HN WhoIsHiring Jun26),,Remote,2026-06-05,https://news.ycombinator.com/item?id=48358992,,,see post,Neuro Health Collective | Washington DC Metro or REMOTE (US) | FOUNDING Employee  EQUITY-HEAVY We&#x27;re a Public Benefit Corporation build [HN],WARM
remote_contract,Radar Labs | Software Engineers (SRE  data platform  backend  full-stack  mobile,(HN WhoIsHiring Jun26),,Remote,2026-06-05,https://news.ycombinator.com/item?id=48359481,,,see post,Radar Labs | Software Engineers (SRE  data platform  backend  full-stack  mobile) | Remote (US)  NYC | Full Time | https:&#x2F;&#x2F;radar.c [HN],WARM
remote_contract,Subtle Medical | North America | Full Time | Remote | https:&#x2F;&#x2F;subtleme,(HN WhoIsHiring Jun26),,Remote,2026-06-05,https://news.ycombinator.com/item?id=48359673,,,see post,Subtle Medical | North America | Full Time | Remote | https:&#x2F;&#x2F;subtlemedical.com&#x2F; Subtle Medical is a global leader in AI-powe [HN],WARM
remote_contract,ParadeDB (YC S23  https:&#x2F;&#x2F;paradedb.com ) | Database Internals Engineer,(HN WhoIsHiring Jun26),,Remote,2026-06-05,https://news.ycombinator.com/item?id=48359945,,,see post,ParadeDB (YC S23  https:&#x2F;&#x2F;paradedb.com ) | Database Internals Engineers  Distributed Systems Engineers | Remote or hybrid in San F [HN],WARM
remote_contract,Foxglove | Multiple eng + GTM roles | Onsite (San Francisco) + Remote (Europe)| ,(HN WhoIsHiring Jun26),,Remote,2026-06-05,https://news.ycombinator.com/item?id=48359956,,,see post,Foxglove | Multiple eng + GTM roles | Onsite (San Francisco) + Remote (Europe)| Full Time | https:&#x2F;&#x2F;www.foxglove.dev&#x2F;careers  [HN],WARM
remote_contract,FusionAuth | Principal Software Engineer  Senior Java Engineer - Cloud  Account ,(HN WhoIsHiring Jun26),,Remote,2026-06-05,https://news.ycombinator.com/item?id=48360523,,,see post,FusionAuth | Principal Software Engineer  Senior Java Engineer - Cloud  Account Executive  Solutions Engineer | Varies between REMOTE (in US [HN],WARM
remote_contract,Puma.tech | Remote-first with PST overlap | iOS&#x2F;MacOS  Android  Ai&#x2F;ML ,(HN WhoIsHiring Jun26),,Remote,2026-06-05,https://news.ycombinator.com/item?id=48360581,,,see post,Puma.tech | Remote-first with PST overlap | iOS&#x2F;MacOS  Android  Ai&#x2F;ML  Growth | https:&#x2F;&#x2F;puma.tech Hi all  I’m Yuriy  fou [HN],WARM
remote_contract,Spacelift | Remote (Europe) | Full-time | Senior Software Engineer | $80k-$110k+,(HN WhoIsHiring Jun26),,Remote,2026-06-05,https://news.ycombinator.com/item?id=48360601,,,see post,Spacelift | Remote (Europe) | Full-time | Senior Software Engineer | $80k-$110k+ (can go higher) We&#x27;re a VC-funded startup (recently ra [HN],WARM
remote_contract,Trax | Analytics Engineer | REMOTE CST (Philippines  Costa Rica  US) | Full-time,(HN WhoIsHiring Jun26),,Remote,2026-06-05,https://news.ycombinator.com/item?id=48360825,,,see post,Trax | Analytics Engineer | REMOTE CST (Philippines  Costa Rica  US) | Full-time Contract We&#x27;re hiring an Analytics Engineer to help po [HN],WARM
remote_contract,Close | 100% REMOTE (US only) | Full Time | Bootstrapped &amp; Profitable - Soft,(HN WhoIsHiring Jun26),,Remote,2026-06-05,https://news.ycombinator.com/item?id=48360843,,,see post,Close | 100% REMOTE (US only) | Full Time | Bootstrapped &amp; Profitable - Software Engineer (Backend) - Software Engineer (Frontend) - Sit [HN],WARM
remote_contract,August Health ( https:&#x2F;&#x2F;augusthealth.com&#x2F; ) | Remote (USA only) |,(HN WhoIsHiring Jun26),,Remote,2026-06-05,https://news.ycombinator.com/item?id=48360909,,,see post,August Health ( https:&#x2F;&#x2F;augusthealth.com&#x2F; ) | Remote (USA only) | Full Time | Multiple Engineering Roles (Infrastructure  Pro [HN],WARM
